adduser	3.118ubuntu5
apt	2.4.10
autoconf	2.71-2
automake	1:1.16.5-1.3
autotools-dev	20220109.1
base-files	12ubuntu4.4
base-passwd	3.5.52build1
bash	5.1-6ubuntu1
binutils	2.38-4ubuntu2.3
binutils-common:amd64	2.38-4ubuntu2.3
binutils-x86-64-linux-gnu	2.38-4ubuntu2.3
bsdutils	1:2.37.2-4ubuntu3
build-essential	12.9ubuntu3
bzip2	1.0.8-5build1
ca-certificates	20230311ubuntu0.22.04.1
code-server	4.96.4
coreutils	8.32-4.1ubuntu1
cpp	4:11.2.0-1ubuntu1
cpp-11	11.4.0-1ubuntu1~22.04
cuda-cccl-11-8	11.8.89-1
cuda-command-line-tools-11-8	11.8.0-1
cuda-compat-11-8	520.61.05-1
cuda-compiler-11-8	11.8.0-1
cuda-cudart-11-8	11.8.89-1
cuda-cudart-dev-11-8	11.8.89-1
cuda-cuobjdump-11-8	11.8.86-1
cuda-cupti-11-8	11.8.87-1
cuda-cupti-dev-11-8	11.8.87-1
cuda-cuxxfilt-11-8	11.8.86-1
cuda-driver-dev-11-8	11.8.89-1
cuda-gdb-11-8	11.8.86-1
cuda-keyring	1.0-1
cuda-libraries-11-8	11.8.0-1
cuda-libraries-dev-11-8	11.8.0-1
cuda-memcheck-11-8	11.8.86-1
cuda-minimal-build-11-8	11.8.0-1
cuda-nsight-compute-11-8	11.8.0-1
cuda-nvcc-11-8	11.8.89-1
cuda-nvdisasm-11-8	11.8.86-1
cuda-nvml-dev-11-8	11.8.86-1
cuda-nvprof-11-8	11.8.87-1
cuda-nvprune-11-8	11.8.86-1
cuda-nvrtc-11-8	11.8.89-1
cuda-nvrtc-dev-11-8	11.8.89-1
cuda-nvtx-11-8	11.8.86-1
cuda-profiler-api-11-8	11.8.86-1
cuda-sanitizer-11-8	11.8.86-1
cuda-toolkit-11-8-config-common	11.8.89-1
cuda-toolkit-11-config-common	11.8.89-1
cuda-toolkit-config-common	12.3.52-1
curl	7.81.0-1ubuntu1.21
dash	0.5.11+git20210903+057cd650a4ed-3build1
dbus	1.12.20-2ubuntu4.1
debconf	1.5.79ubuntu1
debianutils	5.5-1ubuntu2
diffutils	1:3.8-0ubuntu2
dirmngr	2.2.27-3ubuntu2.5
distro-info-data	0.52ubuntu0.11
dmsetup	2:1.02.175-2.1ubuntu5
dpkg	1.21.1ubuntu2.2
dpkg-dev	1.21.1ubuntu2.2
e2fsprogs	1.46.5-2ubuntu1.1
file	1:5.41-3ubuntu0.1
findutils	4.8.0-1ubuntu3
g++	4:11.2.0-1ubuntu1
g++-11	11.4.0-1ubuntu1~22.04
gcc	4:11.2.0-1ubuntu1
gcc-11	11.4.0-1ubuntu1~22.04
gcc-11-base:amd64	11.4.0-1ubuntu1~22.04
gcc-12-base:amd64	12.3.0-1ubuntu1~22.04
genders	1.22-1build4
gir1.2-glib-2.0:amd64	1.72.0-1
git	1:2.34.1-1ubuntu1.15
git-lfs	3.0.2-1ubuntu0.3
git-man	1:2.34.1-1ubuntu1.15
gnupg	2.2.27-3ubuntu2.5
gnupg-l10n	2.2.27-3ubuntu2.5
gnupg-utils	2.2.27-3ubuntu2.5
gnupg2	2.2.27-3ubuntu2.5
gpg	2.2.27-3ubuntu2.5
gpg-agent	2.2.27-3ubuntu2.5
gpg-wks-client	2.2.27-3ubuntu2.5
gpg-wks-server	2.2.27-3ubuntu2.5
gpgconf	2.2.27-3ubuntu2.5
gpgsm	2.2.27-3ubuntu2.5
gpgv	2.2.27-3ubuntu2.5
grep	3.7-1build1
gzip	1.10-4ubuntu4.1
hostname	3.23ubuntu2
init-system-helpers	1.62
iputils-ping	3:20211215-1ubuntu0.1
less	590-1ubuntu0.22.04.3
libacl1:amd64	2.3.1-1
libaio-dev:amd64	0.3.112-13build1
libaio1:amd64	0.3.112-13build1
libapparmor1:amd64	3.0.4-2ubuntu2.5
libapt-pkg6.0:amd64	2.4.10
libargon2-1:amd64	0~20171227-0.3
libasan6:amd64	11.4.0-1ubuntu1~22.04
libassuan0:amd64	2.5.5-1build1
libatomic1:amd64	12.3.0-1ubuntu1~22.04
libattr1:amd64	1:2.5.1-1build1
libaudit-common	1:3.0.7-1build1
libaudit1:amd64	1:3.0.7-1build1
libbinutils:amd64	2.38-4ubuntu2.3
libblkid1:amd64	2.37.2-4ubuntu3
libbrotli1:amd64	1.0.9-2build6
libbsd0:amd64	0.11.5-1
libbz2-1.0:amd64	1.0.8-5build1
libc-bin	2.35-0ubuntu3.4
libc-dev-bin	2.35-0ubuntu3.4
libc6:amd64	2.35-0ubuntu3.4
libc6-dev:amd64	2.35-0ubuntu3.4
libcap-ng0:amd64	0.7.9-2.2build3
libcap2:amd64	1:2.44-1ubuntu0.22.04.1
libcap2-bin	1:2.44-1ubuntu0.22.04.2
libcbor0.8:amd64	0.8.0-2ubuntu1
libcc1-0:amd64	12.3.0-1ubuntu1~22.04
libcom-err2:amd64	1.46.5-2ubuntu1.1
libcrypt-dev:amd64	1:4.4.27-1
libcrypt1:amd64	1:4.4.27-1
libcryptsetup12:amd64	2:2.4.3-1ubuntu1.3
libctf-nobfd0:amd64	2.38-4ubuntu2.3
libctf0:amd64	2.38-4ubuntu2.3
libcublas-11-8	11.11.3.6-1
libcublas-dev-11-8	11.11.3.6-1
libcudnn8	8.9.6.50-1+cuda11.8
libcudnn8-dev	8.9.6.50-1+cuda11.8
libcufft-11-8	10.9.0.58-1
libcufft-dev-11-8	10.9.0.58-1
libcufile-11-8	1.4.0.31-1
libcufile-dev-11-8	1.4.0.31-1
libcurand-11-8	10.3.0.86-1
libcurand-dev-11-8	10.3.0.86-1
libcurl3-gnutls:amd64	7.81.0-1ubuntu1.21
libcurl4:amd64	7.81.0-1ubuntu1.21
libcusolver-11-8	11.4.1.48-1
libcusolver-dev-11-8	11.4.1.48-1
libcusparse-11-8	11.7.5.86-1
libcusparse-dev-11-8	11.7.5.86-1
libdb5.3:amd64	5.3.28+dfsg1-0.8ubuntu3
libdbus-1-3:amd64	1.12.20-2ubuntu4.1
libdebconfclient0:amd64	0.261ubuntu1
libdevmapper1.02.1:amd64	2:1.02.175-2.1ubuntu5
libdpkg-perl	1.21.1ubuntu2.2
libdrm-amdgpu1:amd64	2.4.113-2~ubuntu0.22.04.1
libdrm-common	2.4.113-2~ubuntu0.22.04.1
libdrm-intel1:amd64	2.4.113-2~ubuntu0.22.04.1
libdrm-nouveau2:amd64	2.4.113-2~ubuntu0.22.04.1
libdrm-radeon1:amd64	2.4.113-2~ubuntu0.22.04.1
libdrm2:amd64	2.4.113-2~ubuntu0.22.04.1
libedit2:amd64	3.1-20210910-1build1
libelf1:amd64	0.186-1ubuntu0.1
liberror-perl	0.17029-1
libevent-core-2.1-7:amd64	2.1.12-stable-1build3
libexpat1:amd64	2.4.7-1ubuntu0.6
libext2fs2:amd64	1.46.5-2ubuntu1.1
libffi-dev:amd64	3.4.2-4
libffi8:amd64	3.4.2-4
libfido2-1:amd64	1.10.0-1
libgcc-11-dev:amd64	11.4.0-1ubuntu1~22.04
libgcc-s1:amd64	12.3.0-1ubuntu1~22.04
libgcrypt20:amd64	1.9.4-3ubuntu3
libgdbm-compat4:amd64	1.23-1
libgdbm-dev:amd64	1.23-1
libgdbm6:amd64	1.23-1
libgenders0:amd64	1.22-1build4
libgirepository-1.0-1:amd64	1.72.0-1
libgl1:amd64	1.4.0-1
libgl1-amber-dri:amd64	21.3.9-0ubuntu1~22.04.2
libgl1-mesa-dri:amd64	23.2.1-1ubuntu3.1~22.04.4
libglapi-mesa:amd64	23.2.1-1ubuntu3.1~22.04.4
libglib2.0-0:amd64	2.72.4-0ubuntu2.7
libglib2.0-data	2.72.4-0ubuntu2.7
libglvnd0:amd64	1.4.0-1
libglx-mesa0:amd64	23.2.1-1ubuntu3.1~22.04.4
libglx0:amd64	1.4.0-1
libgmp10:amd64	2:6.2.1+dfsg-3ubuntu1
libgnutls30:amd64	3.7.3-4ubuntu1.2
libgomp1:amd64	12.3.0-1ubuntu1~22.04
libgpg-error0:amd64	1.43-3
libgpm2:amd64	1.20.7-10build1
libgssapi-krb5-2:amd64	1.19.2-2ubuntu0.2
libhogweed6:amd64	3.7.3-1build2
libicu70:amd64	70.1-2
libidn2-0:amd64	2.3.2-2build1
libip4tc2:amd64	1.8.7-1ubuntu5.2
libisl23:amd64	0.24-2build1
libitm1:amd64	12.3.0-1ubuntu1~22.04
libjpeg-dev:amd64	8c-2ubuntu10
libjpeg-turbo8:amd64	2.1.2-0ubuntu1
libjpeg-turbo8-dev:amd64	2.1.2-0ubuntu1
libjpeg8:amd64	8c-2ubuntu10
libjpeg8-dev:amd64	8c-2ubuntu10
libjson-c5:amd64	0.15-3~ubuntu1.22.04.2
libk5crypto3:amd64	1.19.2-2ubuntu0.2
libkeyutils1:amd64	1.6.1-2ubuntu3
libkmod2:amd64	29-1ubuntu1
libkrb5-3:amd64	1.19.2-2ubuntu0.2
libkrb5support0:amd64	1.19.2-2ubuntu0.2
libksba8:amd64	1.6.0-2ubuntu0.2
libldap-2.5-0:amd64	2.5.16+dfsg-0ubuntu0.22.04.1
libllvm15:amd64	1:15.0.7-0ubuntu0.22.04.3
liblsan0:amd64	12.3.0-1ubuntu1~22.04
libltdl-dev:amd64	2.4.6-15build2
libltdl7:amd64	2.4.6-15build2
liblz4-1:amd64	1.9.3-2build2
liblzma5:amd64	5.2.5-2ubuntu1
libmagic-mgc	1:5.41-3ubuntu0.1
libmagic1:amd64	1:5.41-3ubuntu0.1
libmd0:amd64	1.0.4-1build1
libmount1:amd64	2.37.2-4ubuntu3
libmpc3:amd64	1.2.1-2build1
libmpdec3:amd64	2.5.1-2build2
libmpfr6:amd64	4.1.0-3build3
libnccl-dev	2.15.5-1+cuda11.8
libnccl2	2.15.5-1+cuda11.8
libncurses-dev:amd64	6.3-2ubuntu0.1
libncurses5-dev:amd64	6.3-2ubuntu0.1
libncurses6:amd64	6.3-2ubuntu0.1
libncursesw6:amd64	6.3-2ubuntu0.1
libnettle8:amd64	3.7.3-1build2
libnghttp2-14:amd64	1.43.0-1ubuntu0.2
libnpp-11-8	11.8.0.86-1
libnpp-dev-11-8	11.8.0.86-1
libnpth0:amd64	1.6-3build2
libnsl-dev:amd64	1.3.0-2build2
libnsl2:amd64	1.3.0-2build2
libnspr4:amd64	2:4.35-0ubuntu0.22.04.1
libnspr4-dev	2:4.35-0ubuntu0.22.04.1
libnss-systemd:amd64	249.11-0ubuntu3.17
libnss3:amd64	2:3.98-0ubuntu0.22.04.2
libnss3-dev:amd64	2:3.98-0ubuntu0.22.04.2
libnvjpeg-11-8	11.9.0.86-1
libnvjpeg-dev-11-8	11.9.0.86-1
libp11-kit0:amd64	0.24.0-6build1
libpam-cap:amd64	1:2.44-1ubuntu0.22.04.2
libpam-modules:amd64	1.4.0-11ubuntu2.3
libpam-modules-bin	1.4.0-11ubuntu2.3
libpam-runtime	1.4.0-11ubuntu2.3
libpam-systemd:amd64	249.11-0ubuntu3.17
libpam0g:amd64	1.4.0-11ubuntu2.3
libpciaccess0:amd64	0.16-3
libpcre2-8-0:amd64	10.39-3ubuntu0.1
libpcre3:amd64	2:8.39-13ubuntu0.22.04.1
libperl5.34:amd64	5.34.0-3ubuntu1.2
libpng-dev:amd64	1.6.37-3build5
libpng16-16:amd64	1.6.37-3build5
libpopt0:amd64	1.18-3build1
libprocps8:amd64	2:3.3.17-6ubuntu2
libpsl5:amd64	0.21.0-1.2build2
libpython3-stdlib:amd64	3.10.6-1~22.04.1
libpython3.10:amd64	3.10.12-1~22.04.13
libpython3.10-minimal:amd64	3.10.12-1~22.04.13
libpython3.10-stdlib:amd64	3.10.12-1~22.04.13
libquadmath0:amd64	12.3.0-1ubuntu1~22.04
libreadline-dev:amd64	8.1.2-1
libreadline8:amd64	8.1.2-1
librtmp1:amd64	2.4+20151223.gitfa8646d.1-2build4
libsasl2-2:amd64	2.1.27+dfsg2-3ubuntu1.2
libsasl2-modules-db:amd64	2.1.27+dfsg2-3ubuntu1.2
libseccomp2:amd64	2.5.3-2ubuntu2
libselinux1:amd64	3.3-1build2
libsemanage-common	3.3-1build2
libsemanage2:amd64	3.3-1build2
libsensors-config	1:3.6.0-7ubuntu1
libsensors5:amd64	1:3.6.0-7ubuntu1
libsepol2:amd64	3.3-1build1
libsigsegv2:amd64	2.13-1ubuntu3
libsmartcols1:amd64	2.37.2-4ubuntu3
libsodium-dev:amd64	1.0.18-1ubuntu0.22.04.1
libsodium23:amd64	1.0.18-1ubuntu0.22.04.1
libsqlite3-0:amd64	3.37.2-2ubuntu0.5
libsqlite3-dev:amd64	3.37.2-2ubuntu0.5
libss2:amd64	1.46.5-2ubuntu1.1
libssh-4:amd64	0.9.6-2ubuntu0.22.04.5
libssl-dev:amd64	3.0.2-0ubuntu1.20
libssl3:amd64	3.0.2-0ubuntu1.20
libstdc++-11-dev:amd64	11.4.0-1ubuntu1~22.04
libstdc++6:amd64	12.3.0-1ubuntu1~22.04
libsystemd0:amd64	249.11-0ubuntu3.17
libtasn1-6:amd64	4.18.0-4build1
libtinfo6:amd64	6.3-2ubuntu0.1
libtirpc-common	1.3.2-2ubuntu0.1
libtirpc-dev:amd64	1.3.2-2ubuntu0.1
libtirpc3:amd64	1.3.2-2ubuntu0.1
libtool	2.4.6-15build2
libtsan0:amd64	11.4.0-1ubuntu1~22.04
libubsan1:amd64	12.3.0-1ubuntu1~22.04
libudev1:amd64	249.11-0ubuntu3.10
libunistring2:amd64	1.0-1
libutempter0:amd64	1.2.1-2build2
libuuid1:amd64	2.37.2-4ubuntu3
libwrap0:amd64	7.6.q-31build2
libx11-6:amd64	2:1.7.5-1ubuntu0.3
libx11-data	2:1.7.5-1ubuntu0.3
libx11-xcb1:amd64	2:1.7.5-1ubuntu0.3
libxau6:amd64	1:1.0.9-1build5
libxcb-dri2-0:amd64	1.14-3ubuntu3
libxcb-dri3-0:amd64	1.14-3ubuntu3
libxcb-glx0:amd64	1.14-3ubuntu3
libxcb-present0:amd64	1.14-3ubuntu3
libxcb-randr0:amd64	1.14-3ubuntu3
libxcb-shm0:amd64	1.14-3ubuntu3
libxcb-sync1:amd64	1.14-3ubuntu3
libxcb-xfixes0:amd64	1.14-3ubuntu3
libxcb1:amd64	1.14-3ubuntu3
libxdmcp6:amd64	1:1.1.3-0ubuntu5
libxext6:amd64	2:1.3.4-1build1
libxfixes3:amd64	1:6.0.0-1
libxml2:amd64	2.9.13+dfsg-1ubuntu0.10
libxmuu1:amd64	2:1.1.3-3
libxshmfence1:amd64	1.3-1build4
libxxf86vm1:amd64	1:1.1.4-1build3
libxxhash0:amd64	0.8.1-1
libzstd1:amd64	1.4.8+dfsg-3build1
linux-libc-dev:amd64	5.15.0-88.98
login	1:4.8.1-2ubuntu2.1
logsave	1.46.5-2ubuntu1.1
lsb-base	11.1.0ubuntu4
lsb-release	11.1.0ubuntu4
lto-disabled-list	24
m4	1.4.18-5ubuntu2
make	4.3-4.1build1
mawk	1.3.4.20200120-3
media-types	7.0.0
mount	2.37.2-4ubuntu3
ncurses-base	6.3-2ubuntu0.1
ncurses-bin	6.3-2ubuntu0.1
ncurses-term	6.3-2ubuntu0.1
networkd-dispatcher	2.1-2ubuntu0.22.04.2
ninja-build	1.10.1-1
nsight-compute-2022.3.0	2022.3.0.22-1
openssh-client	1:8.9p1-3ubuntu0.13
openssh-server	1:8.9p1-3ubuntu0.13
openssh-sftp-server	1:8.9p1-3ubuntu0.13
openssl	3.0.2-0ubuntu1.12
passwd	1:4.8.1-2ubuntu2.1
patch	2.7.6-7build2
pdsh	2.31-3build2
perl	5.34.0-3ubuntu1.2
perl-base	5.34.0-3ubuntu1.2
perl-modules-5.34	5.34.0-3ubuntu1.2
pinentry-curses	1.1.1-1build2
procps	2:3.3.17-6ubuntu2
publicsuffix	20211207.1025-1
python3	3.10.6-1~22.04.1
python3-dbus	1.2.18-3build1
python3-distro	1.7.0-1
python3-gi	3.42.1-0ubuntu1
python3-minimal	3.10.6-1~22.04.1
python3.10	3.10.12-1~22.04.13
python3.10-minimal	3.10.12-1~22.04.13
readline-common	8.1.2-1
rpcsvc-proto	1.4.2-0ubuntu6
rsync	3.2.7-0ubuntu0.22.04.7
sed	4.8-1ubuntu2
sensible-utils	0.0.17
shared-mime-info	2.1-2
ssh-import-id	5.11-0ubuntu1
systemd	249.11-0ubuntu3.17
systemd-sysv	249.11-0ubuntu3.17
systemd-timesyncd	249.11-0ubuntu3.17
sysvinit-utils	3.01-1ubuntu1
tar	1.34+dfsg-1ubuntu0.1.22.04.1
tmux	3.2a-4ubuntu0.2
ubuntu-keyring	2021.03.26
ucf	3.0043
usrmerge	25ubuntu2
util-linux	2.37.2-4ubuntu3
vim	2:8.2.3995-1ubuntu2.24
vim-common	2:8.2.3995-1ubuntu2.24
vim-runtime	2:8.2.3995-1ubuntu2.24
wget	1.21.2-2ubuntu1.1
xauth	1:1.1-1build2
xdg-user-dirs	0.17-2ubuntu4
xxd	2:8.2.3995-1ubuntu2.24
xz-utils	5.2.5-2ubuntu1
zlib1g:amd64	1:1.2.11.dfsg-2ubuntu9.2
zlib1g-dev:amd64	1:1.2.11.dfsg-2ubuntu9.2
