comparison,positive_model,reference_model,metric,evidence_role,point_estimate,bootstrap_mean,bootstrap_median,bootstrap_standard_error,ci95_lower,ci95_upper,ci_crosses_zero,stable_positive,stable_negative,p_value,replicates,seed,bh_q_value,fdr_significant_q05
p2_e20_minus_standard_e20,p2_e20,standard_e20,AP_small,primary_architecture,0.011807202349478213,0.012519121971869955,0.012491558637240496,0.0016991916074583762,0.009299683109910147,0.016025494099055737,False,True,False,0.0009995002498750624,2000,20260816,,
p2_e20_minus_standard_e20,p2_e20,standard_e20,AR_small,primary_architecture,0.058590461191580234,0.06098015320104631,0.06044180436688147,0.004336626715011961,0.05366488680460757,0.06976572327183435,False,True,False,0.0009995002498750624,2000,20260816,,
gate_scalar_minus_gate_uniform,gate_scalar,gate_uniform,failure_macro_AR100,primary_targeted_recovery,0.007356659794974685,0.0083389180732008,0.008383544684106514,0.0032689946445499402,0.0019865657621439244,0.01468969859142022,False,True,False,0.010994502748625687,2000,20260816,,
gate_scalar_minus_gate_uniform,gate_scalar,gate_uniform,small_jointly_missed_recall50,primary_targeted_recovery,0.03204795665456217,0.03209130641336699,0.03209018726039303,0.001562632818175984,0.029035162851536962,0.03514416840317933,False,True,False,0.0009995002498750624,2000,20260816,,
gate_typed_minus_gate_uniform,gate_typed,gate_uniform,failure_macro_AR100,primary_targeted_recovery,0.011663003077064138,0.012128580146082825,0.012043759335898047,0.0028324642391325304,0.006554070145017141,0.017741432958063876,False,True,False,0.0009995002498750624,2000,20260816,,
gate_typed_minus_gate_uniform,gate_typed,gate_uniform,small_jointly_missed_recall50,primary_targeted_recovery,0.031702115395700003,0.03174497836405327,0.031790054871011886,0.0015592581078066486,0.02864695406899168,0.03476542045315277,False,True,False,0.0009995002498750624,2000,20260816,,
gate_typed_minus_gate_scalar,gate_typed,gate_scalar,failure_macro_AR100,primary_targeted_recovery,0.004306343282089453,0.0037896620728820264,0.0038510759430599173,0.0024909914979509423,-0.0011713937504278361,0.008572781424577253,True,False,False,0.13493253373313344,2000,20260816,,
gate_typed_minus_gate_scalar,gate_typed,gate_scalar,small_jointly_missed_recall50,primary_targeted_recovery,-0.0003458412588621673,-0.0003463280493137327,-0.00035161604189659634,0.0010304303887210774,-0.0024114390400864273,0.001787421293684404,True,False,False,0.7416291854072964,2000,20260816,,
rebu_risk_e56_minus_uniform_e56,risk_e56,uniform_e56,AP,primary_clean_generalization,0.0006845318104019005,-0.00026493977653489705,0.00020660286356904978,0.0024714687249830897,-0.0070817402836011786,0.0026834510829493643,True,False,False,0.8905547226386806,2000,20260816,,
rebu_risk_e56_minus_uniform_e56,risk_e56,uniform_e56,AP75,primary_clean_generalization,-0.0005197879526774862,-0.0013207173007352554,-0.0009433010828301946,0.003117246071800502,-0.009186515726491838,0.0033227865663688233,True,False,False,0.6616691654172914,2000,20260816,,
rebu_risk_e56_minus_uniform_e56,risk_e56,uniform_e56,AP_small,primary_clean_generalization,-0.0022292761090395574,-0.002526427926123235,-0.002495983779590205,0.0011218235383248403,-0.004828909682719041,-0.00045310598557691563,False,False,True,0.021989005497251374,2000,20260816,,
risk_e100_minus_uniform_e100,risk_e100,uniform_e100,AP,primary_clean_generalization,-0.003206772329254537,-0.003423469385765583,-0.003418004717965245,0.0013076092084133442,-0.00614924703165059,-0.0009984111502344165,False,False,True,0.009995002498750625,2000,20260816,,
risk_e100_minus_uniform_e100,risk_e100,uniform_e100,AP75,primary_clean_generalization,-0.0037744985277613496,-0.003925440339879986,-0.00392972199368985,0.0023791518243797137,-0.00885008476355984,0.0006960941331424087,True,False,False,0.09395302348825588,2000,20260816,,
risk_e100_minus_uniform_e100,risk_e100,uniform_e100,AP_small,primary_clean_generalization,-0.0020481215195122804,-0.0023570203934997554,-0.0023808825880128753,0.0015419100243937707,-0.005312452101104182,0.0007539179038166098,True,False,False,0.13193403298350825,2000,20260816,,
common40_minus_baseline_YOLO11m,common40,baseline_yolo,AP,primary_clean_generalization,0.03438030848141882,0.03689228160909879,0.03514975793096012,0.006187449857778119,0.029525548967284064,0.052206728430706645,False,True,False,0.0009995002498750624,2000,20260816,,
common40_minus_baseline_YOLO11m,common40,baseline_yolo,AP75,primary_clean_generalization,0.04145710634346089,0.04338177361906203,0.04196070206434213,0.0060882114179726865,0.03496645287445139,0.05835079801540965,False,True,False,0.0009995002498750624,2000,20260816,,
common40_minus_baseline_YOLO11m,common40,baseline_yolo,AP_small,primary_clean_generalization,0.04129492098446613,0.043233474416776885,0.042990394827016234,0.00339249624952934,0.03731999454141473,0.049951977271764446,False,True,False,0.0009995002498750624,2000,20260816,,
