model_key,display_name,AP,AP50,AP75,AP_small,AP_medium,AP_large,AR100,AR_small
baseline_dfine,D-FINE-M,0.3457097056312065,0.5976112023437363,0.3312876042866186,0.14788459206204138,0.40300614326289214,0.6110540288647434,0.5125836690841845,0.32503039939423756
baseline_yolo,YOLO11m,0.31614887233045347,0.5542614000797105,0.2992843605300271,0.1276562815604695,0.37481785311292976,0.5686313558518709,0.4113373967020367,0.2121122647837249
common40,P2-960-Common40,0.3505291808118723,0.5970032639118119,0.340741466873488,0.16895120254493562,0.40092201542443984,0.5775462844862114,0.48464542796884175,0.3208616357454456
gate_scalar,Scalar-Risk-Gate-E10,0.3412100254752022,0.5880871353919624,0.3316989318088805,0.1623765087280367,0.3922325701820175,0.5734338152942671,0.48721642432018725,0.32441137516567464
gate_typed,Typed-CAFR-Gate-E10,0.3407824027733041,0.5884210297131899,0.33005426121789344,0.1617061700433186,0.3918292556134436,0.5706822024866474,0.4871911228093238,0.3231925116860089
gate_typed_v2,Typed-CAFR-V2-Gate-E10,0.34295289997779577,0.5903190226444001,0.3330212157583217,0.1620661920783929,0.3933166870564115,0.5729830040688465,0.48799213037291345,0.32333408650563045
gate_uniform,Uniform-Gate-E10,0.3406761343848558,0.5865781701472437,0.3304208067956446,0.16021410965494212,0.3924864981404468,0.5695993074480067,0.4817541300662084,0.31494793340652016
p2_e20,P2-960-E20,0.3354733073115955,0.5783108651429493,0.32608853940824,0.15675220023724876,0.38979978126408293,0.5635789674713957,0.47498897117219163,0.30196949912367477
risk_e100,Risk-E100,0.3307778676336957,0.5768195589138714,0.3153713443800598,0.1605624998066579,0.378610253292674,0.5499268738172802,0.46886187342700686,0.322685025511073
risk_e56,Risk-E56,0.3460503502978522,0.5949152919974525,0.3343201907000172,0.16699122563637803,0.3962480432083267,0.5725553622137074,0.4878532703548277,0.3320441875568985
standard_e20,Standard-960-E20,0.3264401598994993,0.5674681203243928,0.3154856657526812,0.14494499788777054,0.38547989133341715,0.5605761151848175,0.44638227013830795,0.24337903793209453
uniform_e100,Uniform-E100,0.33398463996295025,0.5822500007608348,0.31914584290782116,0.16261062132617018,0.3827173819262379,0.5464041771170898,0.47488706029015404,0.32657921435496684
uniform_e56,Uniform-E56,0.3453658184874503,0.5941925602607561,0.33483997865269466,0.16922050174541758,0.3969167208395507,0.5635491625922991,0.4875160120783007,0.3310310590070184
