source_coordinate_space,source_scale,target_coordinate_space,target_scale,objects,fraction_within_source_scale
full_scene_network_input_after_960_letterbox,large,network_input_after_960_letterbox,large,436,1.0
full_scene_network_input_after_960_letterbox,medium,network_input_after_960_letterbox,large,340,0.08178975222516238
full_scene_network_input_after_960_letterbox,medium,network_input_after_960_letterbox,medium,3817,0.9182102477748376
full_scene_network_input_after_960_letterbox,small,network_input_after_960_letterbox,large,12,0.0008049909438518816
full_scene_network_input_after_960_letterbox,small,network_input_after_960_letterbox,medium,11096,0.7443482927483732
full_scene_network_input_after_960_letterbox,small,network_input_after_960_letterbox,small,3799,0.2548467163077749
original_image,large,crop_before_resize,large,830,1.0
original_image,large,network_input_after_960_letterbox,large,757,0.9120481927710843
original_image,large,network_input_after_960_letterbox,medium,73,0.08795180722891566
original_image,medium,crop_before_resize,medium,7036,1.0
original_image,medium,network_input_after_960_letterbox,large,31,0.004405912450255827
original_image,medium,network_input_after_960_letterbox,medium,6953,0.9882035247299602
original_image,medium,network_input_after_960_letterbox,small,52,0.007390562819783968
original_image,small,crop_before_resize,small,11634,1.0
original_image,small,network_input_after_960_letterbox,medium,7887,0.6779267663744198
original_image,small,network_input_after_960_letterbox,small,3747,0.3220732336255802
