9ed27957bee910180e0a28789e2f96bd62b98dd16463601e82e32e23d00d368e	40511781	autodrive/results/detection/yolo11m_bdd100k_main/weights/best.pt
bc3f0bd2937eefd56178d2a4fd2662dd566b57e6ade67cf5df9e3669cc3dc7d1	313786196	autodrive/results/final/dfine_m_bdd100k_60epoch_final/checkpoints/dfine_m_bdd100k_best.pth
eef43a83adb99ee9b3d9e75c25d3454488b28ad5f86ac67fcf850351c3e848dd	41786963	autodrive/results/evaluation/architecture_gate/prepared_inputs_v2/yolo11m_p2_projected_coco_init.pt
dc1e3ef68e233a2fad4911955bbe178f0104cd9000dcbdc772dac8d0a58438b5	80808388	autodrive/results/evaluation/architecture_gate/formal_gate_v4/standard/weights/resume_epoch20.pt
642a6b4009f085649b6da3f1647821d3e760e6724b019e08d022080c8050bc29	83085211	autodrive/results/evaluation/architecture_gate/formal_gate_v4/p2_projected/weights/resume_epoch20.pt
c05ed70a608d026fef6178f40a4dee62e96323731700b42e426c311dd78b27f3	41802609	autodrive/results/evaluation/formal_training/training_v1/common_uniform_e1_40/weights/common40_ema.pt
45f397e81cf6aa3e8fbb08a8fef79b8e95975f85f5b360fa9f4bf2a4f6757210	41798705	autodrive/results/evaluation/method_gate/training_v1/uniform/weights/last.pt
3093b249d8052924d8324c826731a77b82ab98327a41ff68ab3a2ad615f74b9d	41798705	autodrive/results/evaluation/method_gate/training_v1/scalar_risk/weights/last.pt
217b6d453d399c345a7e1be5595783044f2555a65ae95f047d6a7278d105c4ee	41798705	autodrive/results/evaluation/method_gate/training_v1/typed_cafr/weights/last.pt
eaa3dd7eee88f7d0c74cfbe45f6237c82ecb4eedacb9615a260ce351bc2da7dd	41798769	autodrive/results/evaluation/method_gate/cafr_v2_training_v1/typed_cafr/weights/last.pt
c7796cc7e0e0d9f03968e2fe33c40426723e089ec1c3b453dd5f9fbf2b11914e	83002011	autodrive/results/evaluation/formal_training/training_v2/uniform_e41_100/weights/epoch0.pt
84aa86771d185c2c72fa277c609c1222d7a417a8197523c4a5ced2a6a91ebb1b	83003227	autodrive/results/evaluation/formal_training/training_v2/uniform_e41_100/weights/epoch15.pt
879b179c219914a83775cacb7074f1d7bd9836971fae24592a6a16d6e87fe102	83003227	autodrive/results/evaluation/formal_training/training_v2/rebu_risk_e41_100/weights/epoch15.pt
2af91824191b0d48d40e35856abafd388776815aaf0a629ace4e734a9be01cf7	41805169	autodrive/results/evaluation/formal_training/training_v2/uniform_e41_100/weights/last.pt
d85a864b7f84d0f408a68697cf9f4cbbfb73a9b821bb8ca392ba49c2956c447a	41805169	autodrive/results/evaluation/formal_training/training_v2/rebu_risk_e41_100/weights/last.pt
