epoch,AP,AP50,AP75,APs,APm,APl,loss,lr
0,0.28969230508426047,0.5080732743618421,0.27362038906233255,0.10201824129195612,0.3265841292060832,0.5672771107444256,23.8302022517613,1.1075711428570663e-05
1,0.3012404696678621,0.5265997975880694,0.286856323960654,0.11087259165200229,0.33781646166300544,0.5802400337969675,23.284668261282786,1.249999999999909e-05
2,0.31000347107786247,0.5397540987953753,0.29624314274898694,0.11647982621307361,0.3476166638663825,0.5939727028481351,23.164542996651786,1.249999999999909e-05
3,0.3126335301374726,0.545481316470352,0.29846779747156044,0.11799408619021695,0.3519982499413326,0.5959773818155061,23.069277078683037,1.249999999999909e-05
4,0.31476156980608344,0.5494170366272096,0.301297968587393,0.11943579849743198,0.354622192537551,0.5988568741925853,23.025840379115515,1.249999999999909e-05
5,0.3163152591730986,0.5522138946306347,0.30269346770033156,0.12095867943752894,0.35672356867677424,0.5992422640948067,22.998366183907645,1.249999999999909e-05
6,0.31765504698083225,0.5539139611572219,0.30327741964778565,0.12251310789544947,0.3582538260761839,0.600631628439734,22.965683553205217,1.249999999999909e-05
7,0.3193262178900592,0.556524965241445,0.3058742149767719,0.12334764999111618,0.3603994772792359,0.6011894451391216,22.92706028311593,1.249999999999909e-05
8,0.32110396618586373,0.559040303791875,0.30792183810840285,0.12444660573759575,0.36204054597345386,0.5996373988784387,22.86726407688686,1.249999999999909e-05
9,0.32249764051279395,0.5618267157411913,0.3093249475748481,0.1255218969014088,0.3637018306079255,0.6006398073526605,22.85741722324916,1.249999999999909e-05
10,0.3237238976509152,0.5639569879671031,0.3102923392916671,0.1266690135563911,0.36484097448306757,0.6027852013551954,22.830247741699218,1.249999999999909e-05
11,0.32872249879399046,0.5705109991316701,0.31495017152938587,0.12789152509104476,0.3675397636415418,0.6121372727818286,22.80113696419852,1.249999999999909e-05
12,0.33029055915620087,0.5727476894068562,0.31650554288342037,0.12960734766384072,0.3692555785763331,0.6157398165845355,22.77757091238839,1.249999999999909e-05
13,0.33096176104543606,0.5740221052616914,0.3172240363919781,0.13048580749079813,0.3714008072087618,0.6145929550601834,22.75929880153111,1.249999999999909e-05
14,0.3309536555179399,0.5749086827357107,0.31773949336580354,0.13139151432519167,0.37358126156418064,0.6115427120397227,22.739220080566405,1.249999999999909e-05
15,0.3311596266938041,0.5755464649704773,0.31770177007985184,0.13218477551034988,0.37476862839799,0.6093337953357448,22.703836521257674,1.249999999999909e-05
16,0.33094413043953197,0.5753923864604367,0.3172796229563803,0.13280750533305605,0.37761239455521783,0.608280932136017,22.705011144583565,1.249999999999909e-05
17,0.3317084104575693,0.5764819386212056,0.31808228979784564,0.13342560843434292,0.3768009567156384,0.6083257414070729,22.664382962036132,1.249999999999909e-05
18,0.3326374727610281,0.5778093208349923,0.3184895736288272,0.13452058712843387,0.3780059854226743,0.6093522374173678,22.657093386404856,1.249999999999909e-05
19,0.33316816591933507,0.5794975072098252,0.31898664773285285,0.13489233253299315,0.37839826122582243,0.6097219682989564,22.64514788295201,1.249999999999909e-05
20,0.3337878604522965,0.5804258741450539,0.3199628346320978,0.13533222712018575,0.37899554164107957,0.6121821391280456,22.622328981672016,1.249999999999909e-05
21,0.33460976193872927,0.5815211393870691,0.3205148442793074,0.13564699431183053,0.37955105218973556,0.6124278217642248,22.60594693385533,1.249999999999909e-05
22,0.33457739046472207,0.5819226696506526,0.31914768019556017,0.13590885896406882,0.37976627052167666,0.6123337073189341,22.59995844770159,1.249999999999909e-05
23,0.33500784003520545,0.5827739496219035,0.3206314119458242,0.13633496136659143,0.3803445215462849,0.6119378466510511,22.59103244541713,1.249999999999909e-05
24,0.33541091112917715,0.5834650572633878,0.32088822370047637,0.13694143351545895,0.3804439909394817,0.6126488207641677,22.591534888131278,1.249999999999909e-05
25,0.3357560584154301,0.5851238291756182,0.3211902892125384,0.13704485417225562,0.38189312744994725,0.6114027513186562,22.553124454607282,1.249999999999909e-05
26,0.3363539508964096,0.5862223676519097,0.32295209908713834,0.13733723306308748,0.382765693343603,0.6120018586127851,22.546672851998466,1.249999999999909e-05
27,0.33648487309246466,0.5857166559067581,0.3218566988903571,0.13833564273686494,0.38208190829207045,0.6120503446753249,22.553147277396064,1.249999999999909e-05
28,0.336907898792299,0.5861291504453238,0.32211372207459843,0.13882967551854514,0.3831352647844331,0.6113722234578527,22.535372121320453,1.249999999999909e-05
29,0.3373804520307279,0.5874064045681159,0.3217698791539157,0.13906024652548382,0.3853932444604494,0.6101066018400523,22.525229082815986,1.249999999999909e-05
30,0.33767803610955155,0.588296382539753,0.3227051322166003,0.1393923970366729,0.3887032874204159,0.6115824325042561,22.512119995553153,1.249999999999909e-05
31,0.3379993765688633,0.5882932036454213,0.32352951882524633,0.14015141690405344,0.38907968836540563,0.6090436576359983,22.50590450177874,1.249999999999909e-05
32,0.3384897836949506,0.5891162505392316,0.325009795143748,0.1408344529106737,0.3890271521084287,0.608629500751551,22.48637194519043,1.249999999999909e-05
33,0.33893090531836756,0.5902458658775951,0.3252290363774062,0.14104780383120213,0.38920619006388957,0.6102003521840977,22.484364385550364,1.249999999999909e-05
34,0.33976880191718867,0.5916988747259213,0.32581295740494687,0.14128071825577154,0.38959878705487705,0.611698289142527,22.480830511910575,1.249999999999909e-05
35,0.33969589564243013,0.5915712791123479,0.3253429875507854,0.14172713098210268,0.38984642095877914,0.6118671325717899,22.47501729649135,1.249999999999909e-05
36,0.34039364559423263,0.5928433518276642,0.32631196402193025,0.14189638685085681,0.3903943386649103,0.6122725125571153,22.462820972115654,1.249999999999909e-05
37,0.3408859326471422,0.593294197073457,0.327071584586503,0.14212024982735535,0.39850291488084694,0.6100500440488252,22.446260935320172,1.249999999999909e-05
38,0.3413225127353007,0.593905468304087,0.32739109878051625,0.14251631374411564,0.399247791655479,0.6098989133312455,22.446507951572965,1.249999999999909e-05
39,0.34090770039104,0.5935961377866265,0.3259640366267744,0.1425007347906827,0.3915641211310268,0.6092885318251289,22.432486393083845,1.249999999999909e-05
40,0.34291305646037085,0.5953502846872317,0.3290264609043687,0.14490671732043764,0.40096943215009967,0.6101051761597828,21.451061894880024,1.249999999999909e-05
41,0.3443922350283429,0.5959894669676519,0.32970712525801327,0.1467323656667715,0.39379377308458013,0.6102612415297446,21.334795702689036,1.249999999999909e-05
42,0.34138936384152047,0.592941203120523,0.32661610023553805,0.1474056817018131,0.3917582893136916,0.6048268807802598,21.264633791678293,1.249999999999909e-05
43,0.34267458268420325,0.5947834784202813,0.3281140454050898,0.14517552837048936,0.3929125101057585,0.6094556261716502,21.439254150826592,1.249999999999909e-05
44,0.3443930726182105,0.595973584531944,0.32916191343423196,0.14683149464323814,0.3936581347771893,0.6098691799398196,21.34188924342564,1.249999999999909e-05
45,0.34144338010157416,0.5924175636818921,0.32588587843456523,0.14745292120396758,0.39168324373748425,0.6032529024549483,21.261063503592354,1.249999999999909e-05
46,0.3428420275957441,0.5950651940023777,0.3285167003260098,0.14437042001065511,0.4009149469564008,0.6103979769590098,21.447389423479354,1.249999999999909e-05
47,0.3451209565374679,0.5967686646794993,0.33097931393804264,0.1463683323816476,0.40167830470829397,0.6109203255101043,21.327271192278182,1.249999999999909e-05
48,0.3454334231948026,0.5968860219358924,0.329850132536832,0.14742791602066554,0.39466631910562355,0.6129817731230476,21.257513735525947,1.249999999999909e-05
49,0.3447003386656899,0.5969649326977515,0.3297562999407451,0.14826993633325206,0.3923728484883129,0.6113744958321363,21.20234892272949,1.249999999999909e-05
50,0.34274201883160155,0.594793941212366,0.32828864577086586,0.14466882438912407,0.40086974903390193,0.6097520524593087,21.447022359793525,1.249999999999909e-05
51,0.3441552787051586,0.5958314352045699,0.328620688067061,0.14648199458107936,0.39353893020794584,0.6113797042925917,21.33145619506836,1.249999999999909e-05
52,0.34192072618964187,0.5931432995898083,0.32580726463274295,0.14743705589499215,0.39487250410409275,0.6052277736752649,21.264280674961636,1.249999999999909e-05
53,0.34257997533339446,0.594656789006655,0.3284215200919228,0.14486609207071519,0.4007493167668212,0.6083142444398233,21.44235855364118,1.249999999999909e-05
54,0.34435877508739826,0.5957007764080055,0.32971853242902666,0.14703299768493,0.40173828299855924,0.6114652145321166,21.333808632986887,1.249999999999909e-05
55,0.34570970563120645,0.5976112023437363,0.3312876042866186,0.1478845920620414,0.40300614326289214,0.6110540288647434,21.266632853916715,1.249999999999909e-05
56,0.3421487914951287,0.5940429739824489,0.32677128449579956,0.14835481777805026,0.4032287340426471,0.6045067794012542,21.201402317592077,1.249999999999909e-05
57,0.3430097798665292,0.5953522618423184,0.3286975806971856,0.14451886970991482,0.40083792399397455,0.6092763749415566,21.44745254080636,1.249999999999909e-05
58,0.34392083607385937,0.5960024150437635,0.32922905002042074,0.14640957846883998,0.3940188022261948,0.6098565704050845,21.33624293169294,1.249999999999909e-05
59,0.34521813264637996,0.5969124584683361,0.33025295888468464,0.14738325229558566,0.3946418857491602,0.6125016466632823,21.269300744628907,1.249999999999909e-05
