relative_path	bytes
.gitattributes	415
.github/workflows/repository-audit.yml	6157
.gitignore	3406
CITATION.cff	306
LICENSE	1068
README.md	4897
architecture-intervention/inputs/data-quality-exception/duplicate_annotation_exception.json	2358
architecture-intervention/inputs/effective-development-split/artifact_manifest.json	538
architecture-intervention/inputs/effective-development-split/bdd100k_architecture_gate_v3.yaml	425
architecture-intervention/inputs/effective-development-split/instances_train_dev_effective.json	33994293
architecture-intervention/inputs/projected-p2-definition/artifact_manifest.json	935
architecture-intervention/inputs/projected-p2-definition/gate_protocol_v2.json	3615
architecture-intervention/inputs/projected-p2-definition/metadata.json	740
architecture-intervention/inputs/projected-p2-definition/weight_mapping.json	145117
architecture-intervention/inputs/projected-p2-definition/yolo11m_p2_projected_bdd10.yaml	1524
architecture-intervention/inputs/projected-p2-definition/yolo11m_p2_projected_coco80.yaml	1524
architecture-intervention/inputs/split-and-model-configs/artifact_manifest.json	1185
architecture-intervention/inputs/split-and-model-configs/bdd100k_architecture_gate.yaml	464
architecture-intervention/inputs/split-and-model-configs/gate_rules.json	1779
architecture-intervention/inputs/split-and-model-configs/instances_train_dev.json	33994645
architecture-intervention/inputs/split-and-model-configs/metadata.json	702
architecture-intervention/inputs/split-and-model-configs/train_core.txt	6370000
architecture-intervention/inputs/split-and-model-configs/train_dev.txt	490000
architecture-intervention/inputs/split-and-model-configs/yolo11m_p2_gate.yaml	1476
architecture-intervention/inputs/split-and-model-configs/yolo11m_standard_gate.yaml	1319
architecture-intervention/protocols/deterministic-training-gate/artifact_manifest.json	900
architecture-intervention/protocols/deterministic-training-gate/determinism_amendment.json	2056
architecture-intervention/protocols/deterministic-training-gate/formal_gate_protocol_v4.json	7882
architecture-intervention/protocols/official-validation-adjudication/artifact_manifest.json	242
architecture-intervention/protocols/official-validation-adjudication/borderline_adjudication_protocol_v5_1.json	4580
architecture-intervention/results/development-gate/controller_state.json	107
architecture-intervention/results/development-gate/epoch10_decision.json	3296
architecture-intervention/results/development-gate/evaluations/p2_projected_epoch10/artifact_manifest.json	337
architecture-intervention/results/development-gate/evaluations/p2_projected_epoch10/metrics.json	1106
architecture-intervention/results/development-gate/evaluations/p2_projected_epoch20/artifact_manifest.json	337
architecture-intervention/results/development-gate/evaluations/p2_projected_epoch20/metrics.json	1103
architecture-intervention/results/development-gate/evaluations/standard_epoch10/artifact_manifest.json	337
architecture-intervention/results/development-gate/evaluations/standard_epoch10/metrics.json	1095
architecture-intervention/results/development-gate/evaluations/standard_epoch20/artifact_manifest.json	337
architecture-intervention/results/development-gate/evaluations/standard_epoch20/metrics.json	1094
architecture-intervention/results/development-gate/final_artifact_manifest.json	11408
architecture-intervention/results/development-gate/final_decision.json	3785
architecture-intervention/results/development-gate/p2_projected/args.yaml	2156
architecture-intervention/results/development-gate/p2_projected/epoch10_checkpoint.json	398
architecture-intervention/results/development-gate/p2_projected/epoch20_checkpoint.json	399
architecture-intervention/results/development-gate/p2_projected/results.csv	1727
architecture-intervention/results/development-gate/recovery_after_standard_eval_oom_v1.json	2067
architecture-intervention/results/development-gate/run_metadata.json	843
architecture-intervention/results/development-gate/standard/args.yaml	2140
architecture-intervention/results/development-gate/standard/epoch10_checkpoint.json	394
architecture-intervention/results/development-gate/standard/epoch20_checkpoint.json	395
architecture-intervention/results/development-gate/standard/results.csv	1732
architecture-intervention/results/final-architecture-selection.json	7427
architecture-intervention/results/official-validation-adjudication/final_artifact_manifest.json	2246
architecture-intervention/results/official-validation-adjudication/formal_evaluation/final_decision.json	3680
architecture-intervention/results/official-validation-adjudication/formal_evaluation/p2_epoch20_metrics.json	831
architecture-intervention/results/official-validation-adjudication/formal_evaluation/standard_epoch20_metrics.json	847
architecture-intervention/results/training-smoke/p2_projected_batch8/args.yaml	2034
architecture-intervention/results/training-smoke/p2_projected_batch8/results.csv	295
architecture-intervention/results/training-smoke/smoke_summary.json	2362
architecture-intervention/results/training-smoke/standard_batch8/args.yaml	1989
architecture-intervention/results/training-smoke/standard_batch8/results.csv	295
artifacts/README.md	374
artifacts/archive-dependencies.json	86148
artifacts/checksums.sha256	15192
artifacts/manifest.json	27617
configs/datasets/yolo/bdd100k.yaml	247
configs/experiments/data_taxonomy.py	1784
configs/experiments/runtime.py	3929
data-and-baselines/dataset/annotations/stats_test.json	401
data-and-baselines/dataset/annotations/stats_train.json	450
data-and-baselines/dataset/annotations/stats_val.json	436
data-and-baselines/dfine-m/EXPERIMENT_INFO.txt	690
data-and-baselines/dfine-m/SHA256SUMS.txt	1071
data-and-baselines/dfine-m/code/det_solver_used.py	9602
data-and-baselines/dfine-m/config/dfine_hgnetv2_m_bdd100k_60epoch.yml	2040
data-and-baselines/dfine-m/metrics/best_metrics.json	255
data-and-baselines/dfine-m/metrics/log_clean.jsonl	147780
data-and-baselines/dfine-m/metrics/training_metrics.csv	9661
data-and-baselines/dfine-m/plots/detection_metrics.png	116927
data-and-baselines/dfine-m/plots/object_scale_metrics.png	99568
data-and-baselines/dfine-m/plots/training_loss.png	93566
data-and-baselines/yolo11-seg/README.md	742
data-and-baselines/yolo11-seg/image_summary.json	926711
data-and-baselines/yolo11-seg/metadata.json	1354
data-and-baselines/yolo11-seg/visualizations/0000001_b1c66a42-6f7d68ca.jpg	175553
data-and-baselines/yolo11-seg/visualizations/0000002_b1c81faa-3df17267.jpg	75251
data-and-baselines/yolo11-seg/visualizations/0000003_b1c81faa-c80764c5.jpg	73112
data-and-baselines/yolo11-seg/visualizations/0000004_b1c9c847-3bda4659.jpg	210080
data-and-baselines/yolo11-seg/visualizations/0000005_b1ca2e5d-84cf9134.jpg	193457
data-and-baselines/yolo11-seg/visualizations/0000006_b1ca8418-84a133a0.jpg	106566
data-and-baselines/yolo11-seg/visualizations/0000007_b1cac6a7-04e33135.jpg	243139
data-and-baselines/yolo11-seg/visualizations/0000008_b1cd1e94-26dd524f.jpg	100550
data-and-baselines/yolo11-seg/visualizations/0000009_b1cd1e94-549d0bfe.jpg	172378
data-and-baselines/yolo11-seg/visualizations/0000010_b1ceb32e-3f481b43.jpg	116520
data-and-baselines/yolo11-seg/visualizations/0000011_b1ceb32e-51852abe.jpg	237002
data-and-baselines/yolo11-seg/visualizations/0000012_b1ceb32e-813f84b2.jpg	88543
data-and-baselines/yolo11-seg/visualizations/0000013_b1ceb32e-a106591d.jpg	220334
data-and-baselines/yolo11-seg/visualizations/0000014_b1cebfb7-284f5117.jpg	199532
data-and-baselines/yolo11-seg/visualizations/0000015_b1d0091f-75824d0d.jpg	140655
data-and-baselines/yolo11-seg/visualizations/0000016_b1d0091f-f2c2d2ae.jpg	234773
data-and-baselines/yolo11-seg/visualizations/0000017_b1d0a191-03dcecc2.jpg	213864
data-and-baselines/yolo11-seg/visualizations/0000018_b1d0a191-06deb55d.jpg	214459
data-and-baselines/yolo11-seg/visualizations/0000019_b1d0a191-28f0e779.jpg	228698
data-and-baselines/yolo11-seg/visualizations/0000020_b1d0a191-2ed2269e.jpg	270878
data-and-baselines/yolo11-seg/visualizations/0000021_b1d0a191-5490450b.jpg	210494
data-and-baselines/yolo11-seg/visualizations/0000022_b1d0a191-65deaeef.jpg	229782
data-and-baselines/yolo11-seg/visualizations/0000023_b1d0a191-de8948f6.jpg	238783
data-and-baselines/yolo11-seg/visualizations/0000024_b1d10d08-5b108225.jpg	126546
data-and-baselines/yolo11-seg/visualizations/0000025_b1d10d08-743fd86c.jpg	133639
data-and-baselines/yolo11-seg/visualizations/0000026_b1d10d08-c35503b8.jpg	218100
data-and-baselines/yolo11-seg/visualizations/0000027_b1d10d08-da110fcb.jpg	188301
data-and-baselines/yolo11-seg/visualizations/0000028_b1d10d08-ec660956.jpg	251478
data-and-baselines/yolo11-seg/visualizations/0000029_b1d22449-117aa773.jpg	112066
data-and-baselines/yolo11-seg/visualizations/0000030_b1d22449-15fb948f.jpg	76693
data-and-baselines/yolo11-seg/visualizations/0000031_b1d22ed6-f1cac061.jpg	238834
data-and-baselines/yolo11-seg/visualizations/0000032_b1d3907b-2278601b.jpg	94251
data-and-baselines/yolo11-seg/visualizations/0000033_b1d4b62c-60aab822.jpg	168082
data-and-baselines/yolo11-seg/visualizations/0000034_b1d4b62c-89eeb5d3.jpg	111210
data-and-baselines/yolo11-seg/visualizations/0000035_b1d4b62c-d9805029.jpg	134881
data-and-baselines/yolo11-seg/visualizations/0000036_b1d59b1f-a38aec79.jpg	190946
data-and-baselines/yolo11-seg/visualizations/0000037_b1d7b3ac-0bdb47dc.jpg	123919
data-and-baselines/yolo11-seg/visualizations/0000038_b1d7b3ac-2a92e19f.jpg	125840
data-and-baselines/yolo11-seg/visualizations/0000039_b1d7b3ac-36f2d3b7.jpg	140508
data-and-baselines/yolo11-seg/visualizations/0000040_b1d7b3ac-5744370e.jpg	123269
data-and-baselines/yolo11-seg/visualizations/0000041_b1d7b3ac-5af8623b.jpg	105548
data-and-baselines/yolo11-seg/visualizations/0000042_b1d7b3ac-995f9d8a.jpg	198909
data-and-baselines/yolo11-seg/visualizations/0000043_b1d7b3ac-9e14f05f.jpg	140453
data-and-baselines/yolo11-seg/visualizations/0000044_b1d7b3ac-afa57f22.jpg	103813
data-and-baselines/yolo11-seg/visualizations/0000045_b1d8735d-eee9f184.jpg	131003
data-and-baselines/yolo11-seg/visualizations/0000046_b1d968b9-563405f4.jpg	226010
data-and-baselines/yolo11-seg/visualizations/0000047_b1d968b9-ce42734f.jpg	174385
data-and-baselines/yolo11-seg/visualizations/0000048_b1d971b4-ac67ca0d.jpg	248352
data-and-baselines/yolo11-seg/visualizations/0000049_b1d9e136-6c94ea3f.jpg	251175
data-and-baselines/yolo11-seg/visualizations/0000050_b1d9e136-9ab25cb3.jpg	226190
data-and-baselines/yolo11-seg/visualizations/0000051_b1da9c53-0f3d4c5d.jpg	239757
data-and-baselines/yolo11-seg/visualizations/0000052_b1dac7f7-6b2e0382.jpg	248866
data-and-baselines/yolo11-seg/visualizations/0000053_b1db7e22-cfa74dc3.jpg	111445
data-and-baselines/yolo11-seg/visualizations/0000054_b1dce572-c6a8cb5e.jpg	231383
data-and-baselines/yolo11-seg/visualizations/0000055_b1dd58c1-8b546ba7.jpg	208195
data-and-baselines/yolo11-seg/visualizations/0000056_b1df722f-57d21f3f.jpg	140911
data-and-baselines/yolo11-seg/visualizations/0000057_b1df722f-5bcc3db7.jpg	139498
data-and-baselines/yolo11-seg/visualizations/0000058_b1e0c01d-dd9e6e2f.jpg	199674
data-and-baselines/yolo11-seg/visualizations/0000059_b1e1a7b8-0aec80e8.jpg	201261
data-and-baselines/yolo11-seg/visualizations/0000060_b1e1a7b8-65ec7612.jpg	221480
data-and-baselines/yolo11-seg/visualizations/0000061_b1e1a7b8-a7426a97.jpg	133603
data-and-baselines/yolo11-seg/visualizations/0000062_b1e1a7b8-b397c445.jpg	166333
data-and-baselines/yolo11-seg/visualizations/0000063_b1e2346e-c5f98707.jpg	94212
data-and-baselines/yolo11-seg/visualizations/0000064_b1e3e9f5-92377424.jpg	204870
data-and-baselines/yolo11-seg/visualizations/0000065_b1e62c91-eca210a9.jpg	184927
data-and-baselines/yolo11-seg/visualizations/0000066_b1e6efc0-2552cc5d.jpg	147336
data-and-baselines/yolo11-seg/visualizations/0000067_b1e88fd2-c1e4fd2b.jpg	72641
data-and-baselines/yolo11-seg/visualizations/0000068_b1e8ad72-c3c79240.jpg	132798
data-and-baselines/yolo11-seg/visualizations/0000069_b1e9ee0e-67e26f2e.jpg	178132
data-and-baselines/yolo11-seg/visualizations/0000070_b1ea0ae4-4f770228.jpg	131153
data-and-baselines/yolo11-seg/visualizations/0000071_b1eb9133-5cc75c18.jpg	123992
data-and-baselines/yolo11-seg/visualizations/0000072_b1ebfc3c-740ec84a.jpg	137959
data-and-baselines/yolo11-seg/visualizations/0000073_b1ebfc3c-cc9c2bb8.jpg	188002
data-and-baselines/yolo11-seg/visualizations/0000074_b1ee702d-0ae1fc10.jpg	127871
data-and-baselines/yolo11-seg/visualizations/0000075_b1ee702d-4a193906.jpg	109440
data-and-baselines/yolo11-seg/visualizations/0000076_b1ee702d-525fcebf.jpg	86799
data-and-baselines/yolo11-seg/visualizations/0000077_b1f022d3-3774de8b.jpg	218391
data-and-baselines/yolo11-seg/visualizations/0000078_b1f022d3-45162c67.jpg	177588
data-and-baselines/yolo11-seg/visualizations/0000079_b1f0efd9-37a14dda.jpg	176219
data-and-baselines/yolo11-seg/visualizations/0000080_b1f0efd9-e900c6e5.jpg	177688
data-and-baselines/yolo11-seg/visualizations/0000081_b1f20aa0-3401c3bf.jpg	186227
data-and-baselines/yolo11-seg/visualizations/0000082_b1f20aa0-50213047.jpg	166181
data-and-baselines/yolo11-seg/visualizations/0000083_b1f20aa0-6ef1db42.jpg	109888
data-and-baselines/yolo11-seg/visualizations/0000084_b1f25ff6-1ddb7e43.jpg	191663
data-and-baselines/yolo11-seg/visualizations/0000085_b1f4491b-07b32e8c.jpg	176009
data-and-baselines/yolo11-seg/visualizations/0000086_b1f4491b-09593e90.jpg	147099
data-and-baselines/yolo11-seg/visualizations/0000087_b1f4491b-16256d7c.jpg	200191
data-and-baselines/yolo11-seg/visualizations/0000088_b1f4491b-33824f31.jpg	215606
data-and-baselines/yolo11-seg/visualizations/0000089_b1f4491b-846d8cb2.jpg	148468
data-and-baselines/yolo11-seg/visualizations/0000090_b1f4491b-97465266.jpg	235846
data-and-baselines/yolo11-seg/visualizations/0000091_b1f4491b-9958bd99.jpg	248130
data-and-baselines/yolo11-seg/visualizations/0000092_b1f4491b-bf7d513f.jpg	119171
data-and-baselines/yolo11-seg/visualizations/0000093_b1f4491b-cf446195.jpg	179117
data-and-baselines/yolo11-seg/visualizations/0000094_b1f4491b-d8d1459c.jpg	186700
data-and-baselines/yolo11-seg/visualizations/0000095_b1f4491b-dd8dfed5.jpg	163676
data-and-baselines/yolo11-seg/visualizations/0000096_b1f62c41-ed0c6521.jpg	246066
data-and-baselines/yolo11-seg/visualizations/0000097_b1f6c103-5ce1f3c6.jpg	105940
data-and-baselines/yolo11-seg/visualizations/0000098_b1f6c103-8b75ea3e.jpg	159703
data-and-baselines/yolo11-seg/visualizations/0000099_b1f6c103-b00e8aad.jpg	192283
data-and-baselines/yolo11-seg/visualizations/0000100_b1f85377-44885085.jpg	119719
data-and-baselines/yolo11m/args.yaml	1830
data-and-baselines/yolo11m/metric-curves/BoxF1_curve.png	341421
data-and-baselines/yolo11m/metric-curves/BoxPR_curve.png	345503
data-and-baselines/yolo11m/metric-curves/BoxP_curve.png	282891
data-and-baselines/yolo11m/metric-curves/BoxR_curve.png	340435
data-and-baselines/yolo11m/metric-curves/confusion_matrix.png	315355
data-and-baselines/yolo11m/metric-curves/confusion_matrix_normalized.png	302857
data-and-baselines/yolo11m/metric-curves/results.png	288067
data-and-baselines/yolo11m/results.csv	9972
data-and-baselines/yolo11m/training-diagnostics/labels.jpg	123481
data-and-baselines/yolo11m/training-diagnostics/train_batch0.jpg	480150
data-and-baselines/yolo11m/training-diagnostics/train_batch1.jpg	506747
data-and-baselines/yolo11m/training-diagnostics/train_batch109400.jpg	371810
data-and-baselines/yolo11m/training-diagnostics/train_batch109401.jpg	343948
data-and-baselines/yolo11m/training-diagnostics/train_batch109402.jpg	320910
data-and-baselines/yolo11m/training-diagnostics/train_batch2.jpg	479406
data-and-baselines/yolo11m/validation-diagnostics/val_batch0_labels.jpg	320624
data-and-baselines/yolo11m/validation-diagnostics/val_batch0_pred.jpg	327255
data-and-baselines/yolo11m/validation-diagnostics/val_batch1_labels.jpg	372060
data-and-baselines/yolo11m/validation-diagnostics/val_batch1_pred.jpg	373832
data-and-baselines/yolo11m/validation-diagnostics/val_batch2_labels.jpg	357507
data-and-baselines/yolo11m/validation-diagnostics/val_batch2_pred.jpg	361829
environment-and-reproducibility/dependency-snapshots/source-project/requirements-data-conversion.txt	59
environment-and-reproducibility/dependency-snapshots/source-project/requirements-dataset-ninja.txt	76
environment-and-reproducibility/dependency-snapshots/source-project/requirements-ultralytics.txt	113
environment-and-reproducibility/dependency-snapshots/source-project/requirements.txt	248
environment-and-reproducibility/environment-snapshot/SHA256SUMS	8185
environment-and-reproducibility/environment-snapshot/captured_utc.txt	21
environment-and-reproducibility/environment-snapshot/conda-env-list.json	151
environment-and-reproducibility/environment-snapshot/conda-env-list.txt	229
environment-and-reproducibility/environment-snapshot/conda-env-paths.txt	104
environment-and-reproducibility/environment-snapshot/conda-environment-01_conda.yml	6070
environment-and-reproducibility/environment-snapshot/conda-environment-02_mmdet.yml	0
environment-and-reproducibility/environment-snapshot/conda-environment-current.yml	6070
environment-and-reproducibility/environment-snapshot/conda-environment.yml	6070
environment-and-reproducibility/environment-snapshot/conda-environments-error.txt	0
environment-and-reproducibility/environment-snapshot/conda-environments.txt	229
environment-and-reproducibility/environment-snapshot/conda-explicit-01_conda.txt	15838
environment-and-reproducibility/environment-snapshot/conda-explicit-02_mmdet.txt	2617
environment-and-reproducibility/environment-snapshot/conda-explicit-current.txt	15838
environment-and-reproducibility/environment-snapshot/conda-explicit.txt	15838
environment-and-reproducibility/environment-snapshot/conda-info-error.txt	0
environment-and-reproducibility/environment-snapshot/conda-info.json	2509
environment-and-reproducibility/environment-snapshot/conda-list-current.json	72361
environment-and-reproducibility/environment-snapshot/conda-list-current.txt	17132
environment-and-reproducibility/environment-snapshot/conda-prefixes.txt	56
environment-and-reproducibility/environment-snapshot/conda_environments/opt_conda/conda-explicit-error.txt	0
environment-and-reproducibility/environment-snapshot/conda_environments/opt_conda/conda-explicit-status.txt	5
environment-and-reproducibility/environment-snapshot/conda_environments/opt_conda/conda-explicit.txt	15838
environment-and-reproducibility/environment-snapshot/conda_environments/opt_conda/conda-meta-packages-error.txt	0
environment-and-reproducibility/environment-snapshot/conda_environments/opt_conda/conda-meta-packages.tsv	36825
environment-and-reproducibility/environment-snapshot/conda_environments/opt_conda/environment-export-error.txt	0
environment-and-reproducibility/environment-snapshot/conda_environments/opt_conda/environment-export-status.txt	5
environment-and-reproducibility/environment-snapshot/conda_environments/opt_conda/environment.yml	6070
environment-and-reproducibility/environment-snapshot/conda_environments/opt_conda/prefix.txt	11
environment-and-reproducibility/environment-snapshot/conda_environments/opt_conda/python-packages-importlib-error.txt	20
environment-and-reproducibility/environment-snapshot/conda_environments/opt_conda/python-packages-importlib.tsv	2960
environment-and-reproducibility/environment-snapshot/conda_environments/opt_conda/python-version.txt	15
environment-and-reproducibility/environment-snapshot/conda_environments/opt_conda_envs_mmdet/conda-explicit-error.txt	0
environment-and-reproducibility/environment-snapshot/conda_environments/opt_conda_envs_mmdet/conda-explicit-status.txt	5
environment-and-reproducibility/environment-snapshot/conda_environments/opt_conda_envs_mmdet/conda-explicit.txt	2617
environment-and-reproducibility/environment-snapshot/conda_environments/opt_conda_envs_mmdet/conda-meta-packages-error.txt	0
environment-and-reproducibility/environment-snapshot/conda_environments/opt_conda_envs_mmdet/conda-meta-packages.tsv	5821
environment-and-reproducibility/environment-snapshot/conda_environments/opt_conda_envs_mmdet/environment-export-error.txt	4970
environment-and-reproducibility/environment-snapshot/conda_environments/opt_conda_envs_mmdet/environment-export-status.txt	54
environment-and-reproducibility/environment-snapshot/conda_environments/opt_conda_envs_mmdet/environment.yml	0
environment-and-reproducibility/environment-snapshot/conda_environments/opt_conda_envs_mmdet/prefix.txt	22
environment-and-reproducibility/environment-snapshot/conda_environments/opt_conda_envs_mmdet/python-packages-importlib-error.txt	19
environment-and-reproducibility/environment-snapshot/conda_environments/opt_conda_envs_mmdet/python-packages-importlib.tsv	826
environment-and-reproducibility/environment-snapshot/conda_environments/opt_conda_envs_mmdet/python-version.txt	15
environment-and-reproducibility/environment-snapshot/conda_environments/opt_conda_envs_rtdetr/conda-explicit-error.txt	0
environment-and-reproducibility/environment-snapshot/conda_environments/opt_conda_envs_rtdetr/conda-explicit-status.txt	5
environment-and-reproducibility/environment-snapshot/conda_environments/opt_conda_envs_rtdetr/conda-explicit.txt	2617
environment-and-reproducibility/environment-snapshot/conda_environments/opt_conda_envs_rtdetr/conda-meta-packages-error.txt	0
environment-and-reproducibility/environment-snapshot/conda_environments/opt_conda_envs_rtdetr/conda-meta-packages.tsv	5821
environment-and-reproducibility/environment-snapshot/conda_environments/opt_conda_envs_rtdetr/environment-export-error.txt	4972
environment-and-reproducibility/environment-snapshot/conda_environments/opt_conda_envs_rtdetr/environment-export-status.txt	54
environment-and-reproducibility/environment-snapshot/conda_environments/opt_conda_envs_rtdetr/environment.yml	0
environment-and-reproducibility/environment-snapshot/conda_environments/opt_conda_envs_rtdetr/prefix.txt	23
environment-and-reproducibility/environment-snapshot/conda_environments/opt_conda_envs_rtdetr/python-packages-importlib-error.txt	19
environment-and-reproducibility/environment-snapshot/conda_environments/opt_conda_envs_rtdetr/python-packages-importlib.tsv	431
environment-and-reproducibility/environment-snapshot/conda_environments/opt_conda_envs_rtdetr/python-version.txt	15
environment-and-reproducibility/environment-snapshot/data-disk-size.txt	25
environment-and-reproducibility/environment-snapshot/filesystems.txt	1389
environment-and-reproducibility/environment-snapshot/gcc-version.txt	244
environment-and-reproducibility/environment-snapshot/git-version.txt	19
environment-and-reproducibility/environment-snapshot/lscpu.txt	3193
environment-and-reproducibility/environment-snapshot/memory.txt	207
environment-and-reproducibility/environment-snapshot/mounts.txt	10325
environment-and-reproducibility/environment-snapshot/nvcc-version.txt	208
environment-and-reproducibility/environment-snapshot/nvidia-smi-full.txt	0
environment-and-reproducibility/environment-snapshot/nvidia-smi.txt	0
environment-and-reproducibility/environment-snapshot/os-release.txt	386
environment-and-reproducibility/environment-snapshot/pip-freeze-error.txt	1085
environment-and-reproducibility/environment-snapshot/pip-freeze-status.txt	37
environment-and-reproducibility/environment-snapshot/pip-freeze.txt	0
environment-and-reproducibility/environment-snapshot/python-packages-importlib.txt	3129
environment-and-reproducibility/environment-snapshot/python-runtime.txt	188
environment-and-reproducibility/environment-snapshot/python-version.txt	15
environment-and-reproducibility/environment-snapshot/rivermind-data-size.txt	25
environment-and-reproducibility/environment-snapshot/root-home-size.txt	34390
environment-and-reproducibility/environment-snapshot/system-packages.tsv	11831
environment-and-reproducibility/environment-snapshot/uname.txt	124
failure-diagnosis/detection-matches/D-FINE-M/false_positives.csv	4804349
failure-diagnosis/detection-matches/D-FINE-M/image_summary.csv	392852
failure-diagnosis/detection-matches/D-FINE-M/summary.json	3553
failure-diagnosis/detection-matches/YOLO11m/false_positives.csv	5893084
failure-diagnosis/detection-matches/YOLO11m/image_summary.csv	379972
failure-diagnosis/detection-matches/YOLO11m/summary.json	3539
failure-diagnosis/detection-matches/artifact_manifest.json	1523
failure-diagnosis/detection-matches/metadata.json	9395
failure-diagnosis/failure-taxonomy/artifact_manifest.json	1759
failure-diagnosis/failure-taxonomy/metadata.json	2642
failure-diagnosis/failure-taxonomy/subset_overlap.csv	2627
failure-diagnosis/failure-taxonomy/subset_summary.csv	363
failure-diagnosis/failure-taxonomy/subsets/dfine_supported_yolo_failure.json	157938
failure-diagnosis/failure-taxonomy/subsets/small_high_risk.json	511311
failure-diagnosis/failure-taxonomy/subsets/small_jointly_missed.json	478175
failure-diagnosis/failure-taxonomy/subsets/yolo_classification_failure.json	36407
failure-diagnosis/failure-taxonomy/subsets/yolo_localization_failure.json	182398
failure-diagnosis/failure-taxonomy/subsets/yolo_low_confidence.json	388959
failure-diagnosis/unified-evaluation/evaluation_metadata.json	12780
failure-diagnosis/unified-evaluation/model_comparison.csv	613
failure-diagnosis/unified-evaluation/models/D-FINE-M/coco_summary.txt	960
failure-diagnosis/unified-evaluation/models/D-FINE-M/overall_metrics.csv	358
failure-diagnosis/unified-evaluation/models/D-FINE-M/per_class_metrics.csv	1306
failure-diagnosis/unified-evaluation/models/D-FINE-M/summary.json	4810
failure-diagnosis/unified-evaluation/models/YOLO11m/coco_summary.txt	960
failure-diagnosis/unified-evaluation/models/YOLO11m/overall_metrics.csv	358
failure-diagnosis/unified-evaluation/models/YOLO11m/per_class_metrics.csv	1257
failure-diagnosis/unified-evaluation/models/YOLO11m/summary.json	4755
failure-diagnosis/unified-evaluation/per_class_metrics.csv	2444
failure-diagnosis/unified-evaluation/summary.json	10932
final-testing/canonical-clean/artifact_manifest.json	11029
final-testing/canonical-clean/canonical_clean_metrics.csv	4696
final-testing/canonical-clean/canonical_clean_per_class_metrics.csv	16954
final-testing/canonical-clean/canonical_clean_summary.json	9894
final-testing/canonical-clean/evaluations/baseline_dfine/metrics.json	608
final-testing/canonical-clean/evaluations/baseline_dfine/prediction_audit.json	556
final-testing/canonical-clean/evaluations/baseline_yolo/metrics.json	609
final-testing/canonical-clean/evaluations/baseline_yolo/prediction_audit.json	545
final-testing/canonical-clean/evaluations/common40/metrics.json	612
final-testing/canonical-clean/evaluations/common40/prediction_audit.json	548
final-testing/canonical-clean/evaluations/gate_scalar/metrics.json	621
final-testing/canonical-clean/evaluations/gate_scalar/prediction_audit.json	549
final-testing/canonical-clean/evaluations/gate_typed/metrics.json	617
final-testing/canonical-clean/evaluations/gate_typed/prediction_audit.json	548
final-testing/canonical-clean/evaluations/gate_typed_v2/metrics.json	623
final-testing/canonical-clean/evaluations/gate_typed_v2/prediction_audit.json	548
final-testing/canonical-clean/evaluations/gate_uniform/metrics.json	617
final-testing/canonical-clean/evaluations/gate_uniform/prediction_audit.json	547
final-testing/canonical-clean/evaluations/p2_e20/metrics.json	603
final-testing/canonical-clean/evaluations/p2_e20/prediction_audit.json	547
final-testing/canonical-clean/evaluations/risk_e100/metrics.json	601
final-testing/canonical-clean/evaluations/risk_e100/prediction_audit.json	548
final-testing/canonical-clean/evaluations/risk_e56/metrics.json	604
final-testing/canonical-clean/evaluations/risk_e56/prediction_audit.json	549
final-testing/canonical-clean/evaluations/standard_e20/metrics.json	620
final-testing/canonical-clean/evaluations/standard_e20/prediction_audit.json	547
final-testing/canonical-clean/evaluations/uniform_e100/metrics.json	616
final-testing/canonical-clean/evaluations/uniform_e100/prediction_audit.json	547
final-testing/canonical-clean/evaluations/uniform_e56/metrics.json	610
final-testing/canonical-clean/evaluations/uniform_e56/prediction_audit.json	549
final-testing/canonical-clean/prediction_registry.json	16222
final-testing/canonical-clean/progress.json	601
final-testing/corruptions/artifact_manifest.json	14080
final-testing/corruptions/benchmark_metadata.json	1356
final-testing/corruptions/corruption_metrics.csv	58082
final-testing/corruptions/corruption_metrics.json	126730
final-testing/corruptions/corruption_per_class_metrics.csv	76742
final-testing/corruptions/corruption_per_class_metrics.json	207913
final-testing/corruptions/executor_v2_equivalence.json	849
final-testing/corruptions/model_comparison.csv	161
final-testing/corruptions/model_condition_comparisons.csv	9604
final-testing/corruptions/model_corruption_family_summary.csv	6450
final-testing/corruptions/progress.json	21707
final-testing/corruptions/severity_summary.csv	3718
final-testing/corruptions/summary.json	6534
final-testing/corruptions/variant_records/common40_blur_s1.json	5970
final-testing/corruptions/variant_records/common40_blur_s2.json	5954
final-testing/corruptions/variant_records/common40_blur_s3.json	5956
final-testing/corruptions/variant_records/common40_fog_s1.json	6028
final-testing/corruptions/variant_records/common40_fog_s2.json	6022
final-testing/corruptions/variant_records/common40_fog_s3.json	6017
final-testing/corruptions/variant_records/common40_low_light_s1.json	6035
final-testing/corruptions/variant_records/common40_low_light_s2.json	6015
final-testing/corruptions/variant_records/common40_low_light_s3.json	6014
final-testing/corruptions/variant_records/common40_noise_s1.json	5970
final-testing/corruptions/variant_records/common40_noise_s2.json	5960
final-testing/corruptions/variant_records/common40_noise_s3.json	5951
final-testing/corruptions/variant_records/common40_rain_s1.json	6094
final-testing/corruptions/variant_records/common40_rain_s2.json	6093
final-testing/corruptions/variant_records/common40_rain_s3.json	6084
final-testing/corruptions/variant_records/p2_e20_blur_s1.json	5955
final-testing/corruptions/variant_records/p2_e20_blur_s2.json	5940
final-testing/corruptions/variant_records/p2_e20_blur_s3.json	5941
final-testing/corruptions/variant_records/p2_e20_fog_s1.json	6021
final-testing/corruptions/variant_records/p2_e20_fog_s2.json	6017
final-testing/corruptions/variant_records/p2_e20_fog_s3.json	6010
final-testing/corruptions/variant_records/p2_e20_low_light_s1.json	6010
final-testing/corruptions/variant_records/p2_e20_low_light_s2.json	6005
final-testing/corruptions/variant_records/p2_e20_low_light_s3.json	5997
final-testing/corruptions/variant_records/p2_e20_noise_s1.json	5959
final-testing/corruptions/variant_records/p2_e20_noise_s2.json	5948
final-testing/corruptions/variant_records/p2_e20_noise_s3.json	5949
final-testing/corruptions/variant_records/p2_e20_rain_s1.json	6082
final-testing/corruptions/variant_records/p2_e20_rain_s2.json	6080
final-testing/corruptions/variant_records/p2_e20_rain_s3.json	6075
final-testing/corruptions/variant_records/rebu_risk_e56_blur_s1.json	5972
final-testing/corruptions/variant_records/rebu_risk_e56_blur_s2.json	5961
final-testing/corruptions/variant_records/rebu_risk_e56_blur_s3.json	5966
final-testing/corruptions/variant_records/rebu_risk_e56_fog_s1.json	6042
final-testing/corruptions/variant_records/rebu_risk_e56_fog_s2.json	6034
final-testing/corruptions/variant_records/rebu_risk_e56_fog_s3.json	6031
final-testing/corruptions/variant_records/rebu_risk_e56_low_light_s1.json	6048
final-testing/corruptions/variant_records/rebu_risk_e56_low_light_s2.json	6030
final-testing/corruptions/variant_records/rebu_risk_e56_low_light_s3.json	6028
final-testing/corruptions/variant_records/rebu_risk_e56_noise_s1.json	5977
final-testing/corruptions/variant_records/rebu_risk_e56_noise_s2.json	5973
final-testing/corruptions/variant_records/rebu_risk_e56_noise_s3.json	5969
final-testing/corruptions/variant_records/rebu_risk_e56_rain_s1.json	6102
final-testing/corruptions/variant_records/rebu_risk_e56_rain_s2.json	6109
final-testing/corruptions/variant_records/rebu_risk_e56_rain_s3.json	6099
final-testing/corruptions/variant_records/standard_e20_blur_s1.json	5784
final-testing/corruptions/variant_records/standard_e20_blur_s2.json	5967
final-testing/corruptions/variant_records/standard_e20_blur_s3.json	5960
final-testing/corruptions/variant_records/standard_e20_fog_s1.json	6046
final-testing/corruptions/variant_records/standard_e20_fog_s2.json	6044
final-testing/corruptions/variant_records/standard_e20_fog_s3.json	6040
final-testing/corruptions/variant_records/standard_e20_low_light_s1.json	6035
final-testing/corruptions/variant_records/standard_e20_low_light_s2.json	6028
final-testing/corruptions/variant_records/standard_e20_low_light_s3.json	6025
final-testing/corruptions/variant_records/standard_e20_noise_s1.json	5980
final-testing/corruptions/variant_records/standard_e20_noise_s2.json	5978
final-testing/corruptions/variant_records/standard_e20_noise_s3.json	5971
final-testing/corruptions/variant_records/standard_e20_rain_s1.json	6108
final-testing/corruptions/variant_records/standard_e20_rain_s2.json	6103
final-testing/corruptions/variant_records/standard_e20_rain_s3.json	6102
final-testing/corruptions/variant_records/uniform_e56_blur_s1.json	5960
final-testing/corruptions/variant_records/uniform_e56_blur_s2.json	5953
final-testing/corruptions/variant_records/uniform_e56_blur_s3.json	5951
final-testing/corruptions/variant_records/uniform_e56_fog_s1.json	6024
final-testing/corruptions/variant_records/uniform_e56_fog_s2.json	6025
final-testing/corruptions/variant_records/uniform_e56_fog_s3.json	6022
final-testing/corruptions/variant_records/uniform_e56_low_light_s1.json	6032
final-testing/corruptions/variant_records/uniform_e56_low_light_s2.json	6018
final-testing/corruptions/variant_records/uniform_e56_low_light_s3.json	6009
final-testing/corruptions/variant_records/uniform_e56_noise_s1.json	5964
final-testing/corruptions/variant_records/uniform_e56_noise_s2.json	5961
final-testing/corruptions/variant_records/uniform_e56_noise_s3.json	5956
final-testing/corruptions/variant_records/uniform_e56_rain_s1.json	6100
final-testing/corruptions/variant_records/uniform_e56_rain_s2.json	6093
final-testing/corruptions/variant_records/uniform_e56_rain_s3.json	6083
final-testing/efficiency/artifact_manifest.json	741
final-testing/efficiency/efficiency_summary.json	8660
final-testing/efficiency/efficiency_table.csv	468
final-testing/efficiency/metadata.json	2767
final-testing/exposure-audit/arm_exposure_summary.csv	589
final-testing/exposure-audit/artifact_manifest.json	1382
final-testing/exposure-audit/class_exposure.csv	1003
final-testing/exposure-audit/metadata.json	904
final-testing/exposure-audit/objects_per_view_histogram.csv	2689
final-testing/exposure-audit/scale_exposure.csv	785
final-testing/exposure-audit/source_image_exposure_histogram.csv	101
final-testing/exposure-audit/summary.json	4468
final-testing/exposure-audit/target_exposure_by_class.csv	545
final-testing/failure-subsets/artifact_manifest.json	1759
final-testing/failure-subsets/metadata.json	2642
final-testing/failure-subsets/subset_overlap.csv	2627
final-testing/failure-subsets/subset_summary.csv	363
final-testing/failure-subsets/subsets/dfine_supported_yolo_failure.json	157938
final-testing/failure-subsets/subsets/small_high_risk.json	511311
final-testing/failure-subsets/subsets/small_jointly_missed.json	478175
final-testing/failure-subsets/subsets/yolo_classification_failure.json	36407
final-testing/failure-subsets/subsets/yolo_localization_failure.json	182398
final-testing/failure-subsets/subsets/yolo_low_confidence.json	388959
final-testing/frozen-protocol/artifact-manifest.json	449
final-testing/frozen-protocol/final-testing-protocol.json	13545
final-testing/frozen-protocol/input-inventory.json	25233
final-testing/paired-bootstrap/artifact_manifest.json	3206
final-testing/paired-bootstrap/equivalence_validation.json	290
final-testing/paired-bootstrap/metadata.json	931
final-testing/paired-bootstrap/paired_bootstrap_intervals.csv	17398
final-testing/paired-bootstrap/performance_benchmark.json	232
final-testing/paired-bootstrap/run_state.json	499
final-testing/paired-bootstrap/summary.json	10176
final-testing/qualitative-cases/artifact_manifest.json	2167
final-testing/qualitative-cases/case_selection.csv	4084
final-testing/qualitative-cases/case_selection.json	109637
final-testing/qualitative-cases/corruption_probe_summary.json	231
final-testing/qualitative-cases/figures/blur_or_noise_failure.png	1374947
final-testing/qualitative-cases/figures/blur_or_noise_success.png	1430801
final-testing/qualitative-cases/figures/crop_context_condition_shift.png	1814905
final-testing/qualitative-cases/figures/crop_scale_condition_shift.png	1487998
final-testing/qualitative-cases/figures/p2_remaining_failure.png	629719
final-testing/qualitative-cases/figures/p2_repairs_small_failure.png	781096
final-testing/qualitative-cases/figures/risk_non_transfer_in_original_scene.png	657617
final-testing/qualitative-cases/figures/risk_short_term_recovery.png	635104
final-testing/qualitative-cases/metadata.json	973
final-testing/scale-context-audit/artifact_manifest.json	1076
final-testing/scale-context-audit/class_summary.csv	1104
final-testing/scale-context-audit/diagnostic_group_summary.csv	1517
final-testing/scale-context-audit/metadata.json	700
final-testing/scale-context-audit/per_target_scale_context.csv	8288723
final-testing/scale-context-audit/scale_transition_matrix.csv	1574
final-testing/scale-context-audit/summary.json	4402
final-testing/threshold-sensitivity/artifact_manifest.json	9574
final-testing/threshold-sensitivity/class_composition.csv	44445
final-testing/threshold-sensitivity/metadata.json	756
final-testing/threshold-sensitivity/primary_effect_direction_stability.csv	14147
final-testing/threshold-sensitivity/primary_recovery_metrics.json	39507
final-testing/threshold-sensitivity/scale_composition.csv	11753
final-testing/threshold-sensitivity/subset_annotation_ids/yolo_central__dfine_central.json	1378662
final-testing/threshold-sensitivity/subset_annotation_ids/yolo_central__dfine_high.json	1365549
final-testing/threshold-sensitivity/subset_annotation_ids/yolo_central__dfine_low.json	1392689
final-testing/threshold-sensitivity/subset_annotation_ids/yolo_high__dfine_central.json	1725864
final-testing/threshold-sensitivity/subset_annotation_ids/yolo_high__dfine_high.json	1701654
final-testing/threshold-sensitivity/subset_annotation_ids/yolo_high__dfine_low.json	1743697
final-testing/threshold-sensitivity/subset_annotation_ids/yolo_low__dfine_central.json	1208348
final-testing/threshold-sensitivity/subset_annotation_ids/yolo_low__dfine_high.json	1199916
final-testing/threshold-sensitivity/subset_annotation_ids/yolo_low__dfine_low.json	1216483
final-testing/threshold-sensitivity/subset_stability.csv	6745
final-testing/threshold-sensitivity/summary.json	4662
final-testing/training-dynamics/artifact_manifest.json	850
final-testing/training-dynamics/matched_epoch_attribution.csv	14296
final-testing/training-dynamics/metadata.json	667
final-testing/training-dynamics/optimization_schedule_audit.json	5989
final-testing/training-dynamics/summary.json	3558
final-testing/training-dynamics/trajectory_aggregate.csv	2224
formal-training/common-training/frozen-inputs/artifact_manifest.json	1106
formal-training/common-training/frozen-inputs/formal_method_selection.json	1244
formal-training/common-training/frozen-inputs/formal_training_protocol.json	3245
formal-training/common-training/frozen-inputs/rebu_risk_full70k.yaml	346
formal-training/common-training/frozen-inputs/rebu_risk_full70k_train.txt	6316827
formal-training/common-training/frozen-inputs/runtime_anchors.json	561
formal-training/common-training/frozen-inputs/uniform_full70k.yaml	344
formal-training/common-training/frozen-inputs/uniform_full70k_train.txt	6859986
formal-training/common-training/training-records/args.yaml	2027
formal-training/common-training/training-records/artifact_manifest.json	956
formal-training/common-training/training-records/common40_completion.json	1596
formal-training/common-training/training-records/results.csv	3485
formal-training/risk-branch/training-records/args.yaml	2025
formal-training/risk-branch/training-records/artifact_manifest.json	978
formal-training/risk-branch/training-records/branch_completion.json	2071
formal-training/risk-branch/training-records/results.csv	5244
formal-training/training-trajectory/checkpoint-evaluation/artifact_manifest.json	20491
formal-training/training-trajectory/checkpoint-evaluation/matched_rebu_minus_uniform.csv	10381
formal-training/training-trajectory/checkpoint-evaluation/metrics/common_e40.json	2389
formal-training/training-trajectory/checkpoint-evaluation/metrics/rebu_risk_e100.json	2401
formal-training/training-trajectory/checkpoint-evaluation/metrics/rebu_risk_e41.json	2393
formal-training/training-trajectory/checkpoint-evaluation/metrics/rebu_risk_e46.json	2398
formal-training/training-trajectory/checkpoint-evaluation/metrics/rebu_risk_e51.json	2400
formal-training/training-trajectory/checkpoint-evaluation/metrics/rebu_risk_e56.json	2391
formal-training/training-trajectory/checkpoint-evaluation/metrics/rebu_risk_e61.json	2389
formal-training/training-trajectory/checkpoint-evaluation/metrics/rebu_risk_e66.json	2396
formal-training/training-trajectory/checkpoint-evaluation/metrics/rebu_risk_e71.json	2402
formal-training/training-trajectory/checkpoint-evaluation/metrics/rebu_risk_e76.json	2395
formal-training/training-trajectory/checkpoint-evaluation/metrics/rebu_risk_e81.json	2392
formal-training/training-trajectory/checkpoint-evaluation/metrics/rebu_risk_e86.json	2399
formal-training/training-trajectory/checkpoint-evaluation/metrics/rebu_risk_e91.json	2402
formal-training/training-trajectory/checkpoint-evaluation/metrics/rebu_risk_e96.json	2394
formal-training/training-trajectory/checkpoint-evaluation/metrics/uniform_e100.json	2401
formal-training/training-trajectory/checkpoint-evaluation/metrics/uniform_e41.json	2380
formal-training/training-trajectory/checkpoint-evaluation/metrics/uniform_e46.json	2387
formal-training/training-trajectory/checkpoint-evaluation/metrics/uniform_e51.json	2390
formal-training/training-trajectory/checkpoint-evaluation/metrics/uniform_e56.json	2387
formal-training/training-trajectory/checkpoint-evaluation/metrics/uniform_e61.json	2382
formal-training/training-trajectory/checkpoint-evaluation/metrics/uniform_e66.json	2393
formal-training/training-trajectory/checkpoint-evaluation/metrics/uniform_e71.json	2386
formal-training/training-trajectory/checkpoint-evaluation/metrics/uniform_e76.json	2387
formal-training/training-trajectory/checkpoint-evaluation/metrics/uniform_e81.json	2387
formal-training/training-trajectory/checkpoint-evaluation/metrics/uniform_e86.json	2390
formal-training/training-trajectory/checkpoint-evaluation/metrics/uniform_e91.json	2386
formal-training/training-trajectory/checkpoint-evaluation/metrics/uniform_e96.json	2394
formal-training/training-trajectory/checkpoint-evaluation/trajectory_metrics.csv	14621
formal-training/training-trajectory/checkpoint-evaluation/trajectory_per_class_metrics.csv	25582
formal-training/training-trajectory/checkpoint-evaluation/trajectory_protocol.json	10132
formal-training/training-trajectory/checkpoint-evaluation/trajectory_summary.json	4306
formal-training/training-trajectory/formal-branches-manifest.json	2179
formal-training/training-trajectory/terminal-window-protocol/artifact_manifest.json	237
formal-training/training-trajectory/terminal-window-protocol/terminal_window_protocol.json	5081
formal-training/uniform-branch/training-records/args.yaml	2019
formal-training/uniform-branch/training-records/artifact_manifest.json	974
formal-training/uniform-branch/training-records/branch_completion.json	2057
formal-training/uniform-branch/training-records/results.csv	5234
project-management/audits/manifest-resolution/resolved-artifacts.tsv	159450
project-management/audits/manifest-resolution/summary.json	393
project-management/audits/path-portability/machine-specific-paths.tsv	29839
project-management/audits/path-portability/summary.json	284
project-management/audits/pre-report-readiness/CHECKLIST.md	1746
project-management/audits/pre-report-readiness/summary.json	2817
project-management/inventories/configuration-classification.tsv	453
project-management/inventories/source-code-classification.tsv	18556
project-management/provenance/ARCHIVE_POLICY.md	753
project-management/provenance/core-checksums.txt	568373
project-management/provenance/critical-model-files.txt	1339
project-management/provenance/critical-model-manifest.tsv	2450
project-management/provenance/document-consolidation.json	1313
project-management/provenance/semantic-path-migration.json	15173
report-figures/figure-01-research-pipeline.png	191620
report-figures/figure-02-failure-structure.png	184335
report-figures/figure-03-p2-architecture.png	147916
report-figures/figure-04-method-gate.png	140539
report-figures/figure-05-bootstrap-forest.png	170499
report-figures/figure-06-training-trajectory.png	224502
report-figures/figure-07-intervention-semantics.png	182626
report-figures/figure-08-corruption-heatmap.png	180291
report-figures/figure-09-efficiency-tradeoff.png	131963
report-figures/figure-10-object-crop-transformation.png	901981
report-figures/figure-11-controlled-corruption-examples.png	2422462
report-figures/figure-12-qualitative-repair-transfer.png	2096195
report-figures/figure-13-dataset-annotation-overview.png	2326339
report-figures/figure-14-native-object-scale-gallery.png	1677219
report-figures/figure-15-baseline-detector-comparison.png	3055586
report-figures/figure-16-failure-taxonomy-cases.png	1972370
report-figures/figure-17-crop-materialization-pipeline.png	944420
report-figures/figure-18-crop-shift-case-gallery.png	4069337
report-figures/figure-class-level-intervention-response.png	156600
report-figures/figure-same-object-diagnose-intervene-verify.png	951109
report-figures/figure-unified-intervention-transfer.png	209218
report-figures/supplement-s08-p2-repairs-small-failure.png	3828722
report-figures/supplement-s09-p2-remaining-failure.png	3332514
report-figures/supplement-s1-threshold-sensitivity.png	153879
report-figures/supplement-s10-risk-short-term-recovery.png	3341453
report-figures/supplement-s11-risk-non-transfer-in-original-scene.png	3320377
report-figures/supplement-s12-crop-scale-condition-shift.png	1651342
report-figures/supplement-s13-crop-context-condition-shift.png	1892772
report-figures/supplement-s14-blur-or-noise-success.png	3600130
report-figures/supplement-s15-blur-or-noise-failure.png	3398118
report-figures/supplement-s2-failure-overlap.png	147622
report-figures/supplement-s3-matching-taxonomy-protocol.png	196845
report-figures/supplement-s4-equal-budget-supervision.png	164373
report-figures/supplement-s5-baseline-training-curves.png	144014
report-figures/supplement-s6-per-class-baseline-ap.png	85387
report-figures/supplement-s7-yolo11seg-auxiliary-examples.png	2641313
requirements-dfine.txt	362
requirements.txt	313
research-evidence/figures/blur_or_noise_failure.png	1374947
research-evidence/figures/blur_or_noise_success.png	1430801
research-evidence/figures/crop_context_condition_shift.png	1814905
research-evidence/figures/crop_scale_condition_shift.png	1487998
research-evidence/figures/p2_remaining_failure.png	629719
research-evidence/figures/p2_repairs_small_failure.png	781096
research-evidence/figures/risk_non_transfer_in_original_scene.png	657617
research-evidence/figures/risk_short_term_recovery.png	635104
research-evidence/frozen-results/FINAL_RESULTS.md	7257
research-evidence/frozen-results/artifact-manifest.json	5905
research-evidence/frozen-results/claim_evidence_matrix.csv	1500
research-evidence/frozen-results/final_evidence_bundle.json	9146
research-evidence/frozen-results/metadata.json	548
research-evidence/frozen-results/qualitative_figure_registry.csv	1836
research-evidence/frozen-results/tables/table_01_canonical_clean.csv	2435
research-evidence/frozen-results/tables/table_02_architecture_clean_efficiency.csv	934
research-evidence/frozen-results/tables/table_03_method_clean.csv	1718
research-evidence/frozen-results/tables/table_04_failure_subsets.csv	363
research-evidence/frozen-results/tables/table_05_failure_recovery.csv	265
research-evidence/frozen-results/tables/table_06_threshold_stability.csv	1154
research-evidence/frozen-results/tables/table_07_bootstrap_primary.csv	4954
research-evidence/frozen-results/tables/table_08_checkpoint_trajectory.csv	14621
research-evidence/frozen-results/tables/table_09_training_dynamics.csv	796
research-evidence/frozen-results/tables/table_10_exposure_audit.csv	447
research-evidence/frozen-results/tables/table_11_crop_scale_context.csv	320
research-evidence/frozen-results/tables/table_12_scale_transition_matrix.csv	1574
research-evidence/frozen-results/tables/table_13_corruption_summary.csv	970
research-evidence/frozen-results/tables/table_14_efficiency.csv	468
research-evidence/frozen-results/tables/table_15_qualitative_cases.csv	4084
risk-data-intervention/cafr-development/cache-isolation/artifact_manifest.json	1225
risk-data-intervention/cafr-development/cache-isolation/cache_isolation_amendment.json	1616
risk-data-intervention/cafr-development/cache-isolation/dev_cache_safe.txt	489979
risk-data-intervention/cafr-development/cache-isolation/scalar_risk_data.yaml	439
risk-data-intervention/cafr-development/cache-isolation/scalar_risk_train.txt	5846310
risk-data-intervention/cafr-development/cache-isolation/typed_cafr_data.yaml	438
risk-data-intervention/cafr-development/cache-isolation/typed_cafr_train.txt	5826574
risk-data-intervention/cafr-development/cache-isolation/uniform_data.yaml	435
risk-data-intervention/cafr-development/cache-isolation/uniform_train.txt	6369983
risk-data-intervention/cafr-development/clean-gate-result/clean_artifact_manifest.json	765
risk-data-intervention/cafr-development/clean-gate-result/clean_comparison.json	3497
risk-data-intervention/cafr-development/clean-gate-result/evaluations/typed_cafr_v2_epoch10/artifact_manifest.json	337
risk-data-intervention/cafr-development/clean-gate-result/evaluations/typed_cafr_v2_epoch10/metrics.json	1100
risk-data-intervention/cafr-development/materialization/artifact_manifest.json	1325
risk-data-intervention/cafr-development/materialization/crop_materialization_manifest.csv	14257973
risk-data-intervention/cafr-development/materialization/scalar_risk_data.yaml	434
risk-data-intervention/cafr-development/materialization/scalar_risk_train.txt	5846310
risk-data-intervention/cafr-development/materialization/summary.json	1336
risk-data-intervention/cafr-development/materialization/typed_cafr_data.yaml	433
risk-data-intervention/cafr-development/materialization/typed_cafr_train.txt	5826574
risk-data-intervention/cafr-development/materialization/uniform_data.yaml	430
risk-data-intervention/cafr-development/materialization/uniform_train.txt	6370000
risk-data-intervention/cafr-development/protocol/artifact_manifest.json	229
risk-data-intervention/cafr-development/protocol/cafr_v2_gate_protocol.json	10924
risk-data-intervention/cafr-development/training-records/controller_state.json	1966
risk-data-intervention/cafr-development/training-records/training_artifact_manifest.json	549
risk-data-intervention/cafr-development/training-records/training_summary.json	2228
risk-data-intervention/cafr-development/training-records/typed_cafr/args.yaml	2039
risk-data-intervention/cafr-development/training-records/typed_cafr/results.csv	1042
risk-data-intervention/materialization/cache-isolation/artifact_manifest.json	1229
risk-data-intervention/materialization/cache-isolation/cache_isolation_amendment.json	1594
risk-data-intervention/materialization/cache-isolation/dev_cache_safe.txt	489978
risk-data-intervention/materialization/cache-isolation/scalar_risk_data.yaml	455
risk-data-intervention/materialization/cache-isolation/scalar_risk_train.txt	5826810
risk-data-intervention/materialization/cache-isolation/typed_cafr_data.yaml	454
risk-data-intervention/materialization/cache-isolation/typed_cafr_train.txt	5807074
risk-data-intervention/materialization/cache-isolation/uniform_data.yaml	451
risk-data-intervention/materialization/cache-isolation/uniform_train.txt	6369982
risk-data-intervention/materialization/equal-budget-views/artifact_manifest.json	1329
risk-data-intervention/materialization/equal-budget-views/crop_materialization_manifest.csv	14225875
risk-data-intervention/materialization/equal-budget-views/scalar_risk_data.yaml	426
risk-data-intervention/materialization/equal-budget-views/scalar_risk_train.txt	5826810
risk-data-intervention/materialization/equal-budget-views/summary.json	1320
risk-data-intervention/materialization/equal-budget-views/typed_cafr_data.yaml	425
risk-data-intervention/materialization/equal-budget-views/typed_cafr_train.txt	5807074
risk-data-intervention/materialization/equal-budget-views/uniform_data.yaml	422
risk-data-intervention/materialization/equal-budget-views/uniform_train.txt	6370000
risk-data-intervention/materialization/object-view-smoke/artifact_manifest.json	458
risk-data-intervention/materialization/object-view-smoke/sample_manifest.json	167915
risk-data-intervention/materialization/object-view-smoke/summary.json	2939
risk-data-intervention/method-gate/method-gate-protocol.json	9161
risk-data-intervention/method-gate/training-records/controller_state.json	4831
risk-data-intervention/method-gate/training-records/scalar_risk/args.yaml	2034
risk-data-intervention/method-gate/training-records/scalar_risk/results.csv	1043
risk-data-intervention/method-gate/training-records/training_artifact_manifest.json	1274
risk-data-intervention/method-gate/training-records/training_summary.json	4927
risk-data-intervention/method-gate/training-records/typed_cafr/args.yaml	2031
risk-data-intervention/method-gate/training-records/typed_cafr/results.csv	1043
risk-data-intervention/method-gate/training-records/uniform/args.yaml	2022
risk-data-intervention/method-gate/training-records/uniform/results.csv	1043
risk-data-intervention/results/clean-evaluation/clean_artifact_manifest.json	1774
risk-data-intervention/results/clean-evaluation/clean_comparison.json	6099
risk-data-intervention/results/clean-evaluation/evaluations/scalar_risk_epoch10/artifact_manifest.json	337
risk-data-intervention/results/clean-evaluation/evaluations/scalar_risk_epoch10/metrics.json	1082
risk-data-intervention/results/clean-evaluation/evaluations/typed_cafr_epoch10/artifact_manifest.json	337
risk-data-intervention/results/clean-evaluation/evaluations/typed_cafr_epoch10/metrics.json	1082
risk-data-intervention/results/clean-evaluation/evaluations/uniform_epoch10/artifact_manifest.json	337
risk-data-intervention/results/clean-evaluation/evaluations/uniform_epoch10/metrics.json	1069
risk-data-intervention/results/corruption-evaluation/artifact_manifest.json	6237
risk-data-intervention/results/corruption-evaluation/corruption_metrics.json	9642
risk-data-intervention/results/corruption-evaluation/final_gate_decision.json	839
risk-data-intervention/results/failure-evaluation/artifact_manifest.json	551
risk-data-intervention/results/failure-evaluation/failure_evaluation.json	28513
risk-data-intervention/results/failure-evaluation/failure_membership.csv	1022675
risk-data-intervention/risk-labels/calibration-split/split_metadata.json	3794
risk-data-intervention/risk-labels/calibration-split/train_core_image_ids.json	704723
risk-data-intervention/risk-labels/calibration-split/train_dev_image_ids.json	54306
risk-data-intervention/risk-labels/object-risk-freeze.json	2718
risk-data-intervention/risk-labels/object-risk-table/artifact_manifest.json	700
risk-data-intervention/risk-labels/object-risk-table/image_risk_summary.csv	6840067
risk-data-intervention/risk-labels/object-risk-table/metadata.json	16924
risk-data-intervention/risk-labels/object-risk-table/risk_summary.json	14103
risk-data-intervention/risk-labels/operating-points/D-FINE-M_calibration.json	4006
risk-data-intervention/risk-labels/operating-points/D-FINE-M_threshold_sensitivity.csv	13902
risk-data-intervention/risk-labels/operating-points/YOLO11m_calibration.json	3984
risk-data-intervention/risk-labels/operating-points/YOLO11m_threshold_sensitivity.csv	13560
risk-data-intervention/risk-labels/operating-points/operating_points.json	1490
risk-data-intervention/sampling/initial-scalar-comparison/artifact_manifest.json	824
risk-data-intervention/sampling/initial-scalar-comparison/common_base_image_ids.json	402246
risk-data-intervention/sampling/initial-scalar-comparison/sampling_summary.json	6539
risk-data-intervention/sampling/initial-scalar-comparison/scalar_risk_selection.csv	3200326
risk-data-intervention/sampling/initial-scalar-comparison/typed_cafr_selection.csv	3386635
risk-data-intervention/sampling/initial-scalar-comparison/uniform_supplement_image_ids.json	172415
risk-data-intervention/sampling/matched-comparison/artifact_manifest.json	824
risk-data-intervention/sampling/matched-comparison/common_base_image_ids.json	402246
risk-data-intervention/sampling/matched-comparison/sampling_summary.json	6970
risk-data-intervention/sampling/matched-comparison/scalar_risk_selection.csv	3321847
risk-data-intervention/sampling/matched-comparison/typed_cafr_selection.csv	3386635
risk-data-intervention/sampling/matched-comparison/uniform_supplement_image_ids.json	172415
risk-data-intervention/sampling/sampling-protocol.json	5984
risk-data-intervention/sampling/unmatched-high-risk-comparison/artifact_manifest.json	824
risk-data-intervention/sampling/unmatched-high-risk-comparison/common_base_image_ids.json	402246
risk-data-intervention/sampling/unmatched-high-risk-comparison/sampling_summary.json	6453
risk-data-intervention/sampling/unmatched-high-risk-comparison/scalar_risk_selection.csv	3273276
risk-data-intervention/sampling/unmatched-high-risk-comparison/typed_cafr_selection.csv	3386635
risk-data-intervention/sampling/unmatched-high-risk-comparison/uniform_supplement_image_ids.json	172415
source-code/README.md	1298
source-code/analysis/diagnostic-analysis/analyze_failure_diagnosis.py	54556
source-code/analysis/diagnostic-analysis/analyze_failure_interactions.py	6745
source-code/analysis/failure-taxonomy/finalize_failure_taxonomy.py	25622
source-code/analysis/intervention-semantics/audit_crop_scale_context_shift.py	39939
source-code/analysis/intervention-semantics/audit_training_data_exposure.py	34360
source-code/data-preparation/data-acquisition/download_bdd100k.py	1995
source-code/data-preparation/data-acquisition/upload_bdd.py	249
source-code/data-preparation/data-validation/analyze_bdd100k.py	11997
source-code/data-preparation/data-validation/build_condition_subsets.py	22611
source-code/data-preparation/data-validation/build_final_research_evidence_bundle.py	37592
source-code/data-preparation/data-validation/check_bdd100k.py	1412
source-code/data-preparation/data-validation/prepare_cafr_sampling_audit.py	26084
source-code/data-preparation/data-validation/prepare_formal_training_inputs.py	19902
source-code/data-preparation/data-validation/prepare_matched_failure_sampling.py	29404
source-code/data-preparation/data-validation/prepare_unmatched_scalar_risk_sampling.py	26470
source-code/data-preparation/data-validation/visualize_yolo_labels.py	7433
source-code/data-preparation/dataset-conversion/convert_bdd100k.py	26226
source-code/data-preparation/dataset-conversion/convert_bdd100k_official.py	25894
source-code/data-preparation/dataset-conversion/prepare_dfine_bdd100k_checkpoint.py	5142
source-code/data-preparation/detection-matching/build_detection_matches.py	38005
source-code/data-preparation/detection-matching/build_train_detection_matches.py	36259
source-code/data-preparation/protocol-freezing/freeze_cafr_sampling_protocol.py	12885
source-code/data-preparation/protocol-freezing/freeze_context_balanced_cafr_gate.py	15346
source-code/data-preparation/protocol-freezing/freeze_deterministic_architecture_gate.py	12058
source-code/data-preparation/protocol-freezing/freeze_final_testing_protocol.py	41969
source-code/data-preparation/protocol-freezing/freeze_method_gate_protocol.py	15282
source-code/data-preparation/protocol-freezing/freeze_official_validation_failure_subsets.py	37678
source-code/data-preparation/protocol-freezing/prepare_effective_development_architecture_gate.py	17635
source-code/data-preparation/protocol-freezing/prepare_projected_p2_architecture_gate.py	20680
source-code/data-preparation/protocol-freezing/prepare_yolo_architecture_gate.py	18078
source-code/data-preparation/risk-labeling/build_train_risk_table.py	33195
source-code/data-preparation/view-materialization/materialize_context_balanced_cafr_views.py	29931
source-code/data-preparation/view-materialization/materialize_method_gate_views.py	29660
source-code/data-preparation/view-materialization/prepare_cafr_object_view_smoke.py	25291
source-code/data-preparation/view-materialization/prepare_context_balanced_cafr_cache_isolation.py	13308
source-code/data-preparation/view-materialization/prepare_method_gate_cache_isolation.py	13301
source-code/evaluation/canonical-clean/evaluate_condition_subsets.py	24882
source-code/evaluation/canonical-clean/evaluate_context_balanced_cafr_clean.py	10249
source-code/evaluation/canonical-clean/evaluate_detection_baselines.py	34630
source-code/evaluation/canonical-clean/evaluate_final_canonical_clean.py	27531
source-code/evaluation/canonical-clean/evaluate_formal_checkpoint_trajectory.py	31341
source-code/evaluation/canonical-clean/evaluate_method_gate_clean.py	8676
source-code/evaluation/canonical-clean/evaluate_method_gate_failures.py	21727
source-code/evaluation/corruption-evaluation/evaluate_representative_corruptions_parallel.py	39316
source-code/evaluation/corruption-evaluation/evaluate_representative_corruptions_reference.py	34289
source-code/evaluation/corruption-evaluation/run_controlled_corruption_benchmark.py	32507
source-code/evaluation/efficiency-evaluation/evaluate_final_efficiency.py	22422
source-code/evaluation/failure-evaluation/evaluate_threshold_sensitivity.py	43980
source-code/evaluation/prediction-export/export_dfine_m_controlled_corruptions.py	55618
source-code/evaluation/prediction-export/export_dfine_m_predictions.py	45035
source-code/evaluation/prediction-export/export_dfine_m_train_predictions.py	45172
source-code/evaluation/prediction-export/export_yolo11m_controlled_corruptions.py	33009
source-code/evaluation/prediction-export/export_yolo11m_predictions.py	27410
source-code/evaluation/prediction-export/export_yolo11m_train_predictions.py	27539
source-code/evaluation/qualitative-evaluation/build_qualitative_case_sheets.py	48769
source-code/evaluation/statistical-evaluation/run_paired_bootstrap_cpu_reference.py	36013
source-code/evaluation/statistical-evaluation/run_paired_bootstrap_cuda.py	39347
source-code/third-party/D-FINE/Dockerfile	2323
source-code/third-party/D-FINE/LICENSE	11357
source-code/third-party/D-FINE/README.md	27218
source-code/third-party/D-FINE/configs/dataset/bdd100k_detection.yml	1218
source-code/third-party/D-FINE/configs/dataset/bdd100k_detection_smoke.yml	1024
source-code/third-party/D-FINE/configs/dataset/coco_detection.yml	826
source-code/third-party/D-FINE/configs/dataset/crowdhuman_detection.yml	851
source-code/third-party/D-FINE/configs/dataset/custom_detection.yml	811
source-code/third-party/D-FINE/configs/dataset/obj365_detection.yml	857
source-code/third-party/D-FINE/configs/dataset/voc_detection.yml	698
source-code/third-party/D-FINE/configs/dfine/crowdhuman/dfine_hgnetv2_l_ch.yml	821
source-code/third-party/D-FINE/configs/dfine/crowdhuman/dfine_hgnetv2_m_ch.yml	1093
source-code/third-party/D-FINE/configs/dfine/crowdhuman/dfine_hgnetv2_n_ch.yml	1372
source-code/third-party/D-FINE/configs/dfine/crowdhuman/dfine_hgnetv2_s_ch.yml	1173
source-code/third-party/D-FINE/configs/dfine/crowdhuman/dfine_hgnetv2_x_ch.yml	974
source-code/third-party/D-FINE/configs/dfine/custom/dfine_hgnetv2_l_custom.yml	820
source-code/third-party/D-FINE/configs/dfine/custom/dfine_hgnetv2_m_custom.yml	1096
source-code/third-party/D-FINE/configs/dfine/custom/dfine_hgnetv2_n_custom.yml	1364
source-code/third-party/D-FINE/configs/dfine/custom/dfine_hgnetv2_s_custom.yml	1165
source-code/third-party/D-FINE/configs/dfine/custom/dfine_hgnetv2_x_custom.yml	973
source-code/third-party/D-FINE/configs/dfine/custom/objects365/dfine_hgnetv2_l_obj2custom.yml	911
source-code/third-party/D-FINE/configs/dfine/custom/objects365/dfine_hgnetv2_m_obj2custom.yml	1155
source-code/third-party/D-FINE/configs/dfine/custom/objects365/dfine_hgnetv2_s_obj2custom.yml	1178
source-code/third-party/D-FINE/configs/dfine/custom/objects365/dfine_hgnetv2_x_obj2custom.yml	1046
source-code/third-party/D-FINE/configs/dfine/dfine_hgnetv2_l_coco.yml	807
source-code/third-party/D-FINE/configs/dfine/dfine_hgnetv2_m_bdd100k.yml	2090
source-code/third-party/D-FINE/configs/dfine/dfine_hgnetv2_m_bdd100k_50epoch_backup.yml	2090
source-code/third-party/D-FINE/configs/dfine/dfine_hgnetv2_m_bdd100k_b16_multiscale_test.yml	1217
source-code/third-party/D-FINE/configs/dfine/dfine_hgnetv2_m_bdd100k_b16_test.yml	1217
source-code/third-party/D-FINE/configs/dfine/dfine_hgnetv2_m_bdd100k_b24_test.yml	1217
source-code/third-party/D-FINE/configs/dfine/dfine_hgnetv2_m_bdd100k_b32_test.yml	1217
source-code/third-party/D-FINE/configs/dfine/dfine_hgnetv2_m_bdd100k_smoke.yml	1216
source-code/third-party/D-FINE/configs/dfine/dfine_hgnetv2_m_bdd100k_train_export.yml	790
source-code/third-party/D-FINE/configs/dfine/dfine_hgnetv2_m_coco.yml	1078
source-code/third-party/D-FINE/configs/dfine/dfine_hgnetv2_n_coco.yml	1362
source-code/third-party/D-FINE/configs/dfine/dfine_hgnetv2_s_coco.yml	1099
source-code/third-party/D-FINE/configs/dfine/dfine_hgnetv2_x_coco.yml	970
source-code/third-party/D-FINE/configs/dfine/include/dataloader.yml	1141
source-code/third-party/D-FINE/configs/dfine/include/dfine_hgnetv2.yml	1516
source-code/third-party/D-FINE/configs/dfine/include/optimizer.yml	522
source-code/third-party/D-FINE/configs/dfine/objects365/dfine_hgnetv2_l_obj2coco.yml	872
source-code/third-party/D-FINE/configs/dfine/objects365/dfine_hgnetv2_l_obj365.yml	878
source-code/third-party/D-FINE/configs/dfine/objects365/dfine_hgnetv2_m_obj2coco.yml	1116
source-code/third-party/D-FINE/configs/dfine/objects365/dfine_hgnetv2_m_obj365.yml	1121
source-code/third-party/D-FINE/configs/dfine/objects365/dfine_hgnetv2_n_obj2coco.yml	1396
source-code/third-party/D-FINE/configs/dfine/objects365/dfine_hgnetv2_n_obj365.yml	1342
source-code/third-party/D-FINE/configs/dfine/objects365/dfine_hgnetv2_s_obj2coco.yml	1139
source-code/third-party/D-FINE/configs/dfine/objects365/dfine_hgnetv2_s_obj365.yml	1145
source-code/third-party/D-FINE/configs/dfine/objects365/dfine_hgnetv2_x_obj2coco.yml	1007
source-code/third-party/D-FINE/configs/dfine/objects365/dfine_hgnetv2_x_obj365.yml	1013
source-code/third-party/D-FINE/configs/runtime.yml	328
source-code/third-party/D-FINE/requirements.txt	111
source-code/third-party/D-FINE/src/__init__.py	37
source-code/third-party/D-FINE/src/core/__init__.py	153
source-code/third-party/D-FINE/src/core/_config.py	9206
source-code/third-party/D-FINE/src/core/workspace.py	4739
source-code/third-party/D-FINE/src/core/yaml_config.py	6597
source-code/third-party/D-FINE/src/core/yaml_utils.py	2516
source-code/third-party/D-FINE/src/data/__init__.py	128
source-code/third-party/D-FINE/src/data/_misc.py	1655
source-code/third-party/D-FINE/src/data/dataloader.py	3342
source-code/third-party/D-FINE/src/data/dataset/__init__.py	321
source-code/third-party/D-FINE/src/data/dataset/_dataset.py	637
source-code/third-party/D-FINE/src/data/dataset/cifar_dataset.py	491
source-code/third-party/D-FINE/src/data/dataset/coco_dataset.py	7528
source-code/third-party/D-FINE/src/data/dataset/coco_eval.py	198
source-code/third-party/D-FINE/src/data/dataset/coco_utils.py	6033
source-code/third-party/D-FINE/src/data/dataset/voc_detection.py	2839
source-code/third-party/D-FINE/src/data/dataset/voc_eval.py	114
source-code/third-party/D-FINE/src/data/transforms/__init__.py	292
source-code/third-party/D-FINE/src/data/transforms/_transforms.py	4427
source-code/third-party/D-FINE/src/data/transforms/container.py	2851
source-code/third-party/D-FINE/src/data/transforms/functional.py	5007
source-code/third-party/D-FINE/src/data/transforms/mosaic.py	2313
source-code/third-party/D-FINE/src/data/transforms/presets.py	1
source-code/third-party/D-FINE/src/misc/__init__.py	133
source-code/third-party/D-FINE/src/misc/box_ops.py	2008
source-code/third-party/D-FINE/src/misc/dist_utils.py	6061
source-code/third-party/D-FINE/src/misc/lazy_loader.py	1031
source-code/third-party/D-FINE/src/misc/logger.py	7048
source-code/third-party/D-FINE/src/misc/profiler_utils.py	692
source-code/third-party/D-FINE/src/misc/visualizer.py	3952
source-code/third-party/D-FINE/src/nn/__init__.py	186
source-code/third-party/D-FINE/src/nn/arch/__init__.py	80
source-code/third-party/D-FINE/src/nn/arch/classification.py	947
source-code/third-party/D-FINE/src/nn/arch/yolo.py	704
source-code/third-party/D-FINE/src/nn/backbone/__init__.py	342
source-code/third-party/D-FINE/src/nn/backbone/common.py	3019
source-code/third-party/D-FINE/src/nn/backbone/csp_darknet.py	6020
source-code/third-party/D-FINE/src/nn/backbone/csp_resnet.py	8866
source-code/third-party/D-FINE/src/nn/backbone/hgnetv2.py	15774
source-code/third-party/D-FINE/src/nn/backbone/presnet.py	7697
source-code/third-party/D-FINE/src/nn/backbone/test_resnet.py	2818
source-code/third-party/D-FINE/src/nn/backbone/timm_model.py	1665
source-code/third-party/D-FINE/src/nn/backbone/torchvision_model.py	820
source-code/third-party/D-FINE/src/nn/backbone/utils.py	1203
source-code/third-party/D-FINE/src/nn/criterion/__init__.py	151
source-code/third-party/D-FINE/src/nn/criterion/det_criterion.py	6701
source-code/third-party/D-FINE/src/nn/postprocessor/__init__.py	53
source-code/third-party/D-FINE/src/nn/postprocessor/box_revert.py	1267
source-code/third-party/D-FINE/src/nn/postprocessor/detr_postprocessor.py	2506
source-code/third-party/D-FINE/src/nn/postprocessor/nms_postprocessor.py	2276
source-code/third-party/D-FINE/src/optim/__init__.py	82
source-code/third-party/D-FINE/src/optim/amp.py	144
source-code/third-party/D-FINE/src/optim/ema.py	2451
source-code/third-party/D-FINE/src/optim/optim.py	519
source-code/third-party/D-FINE/src/optim/warmup.py	1549
source-code/third-party/D-FINE/src/solver/__init__.py	222
source-code/third-party/D-FINE/src/solver/_solver.py	10224
source-code/third-party/D-FINE/src/solver/clas_engine.py	2227
source-code/third-party/D-FINE/src/solver/clas_solver.py	2389
source-code/third-party/D-FINE/src/solver/det_engine.py	8421
source-code/third-party/D-FINE/src/solver/det_solver.py	8953
source-code/third-party/D-FINE/src/solver/det_solver.py.before_resume_fix	8895
source-code/third-party/D-FINE/src/solver/validator.py	12759
source-code/third-party/D-FINE/src/zoo/__init__.py	21
source-code/third-party/D-FINE/src/zoo/dfine/__init__.py	246
source-code/third-party/D-FINE/src/zoo/dfine/blog.md	9053
source-code/third-party/D-FINE/src/zoo/dfine/blog_cn.md	6696
source-code/third-party/D-FINE/src/zoo/dfine/box_ops.py	2013
source-code/third-party/D-FINE/src/zoo/dfine/denoising.py	4031
source-code/third-party/D-FINE/src/zoo/dfine/dfine.py	801
source-code/third-party/D-FINE/src/zoo/dfine/dfine_criterion.py	21302
source-code/third-party/D-FINE/src/zoo/dfine/dfine_decoder.py	31651
source-code/third-party/D-FINE/src/zoo/dfine/dfine_utils.py	3908
source-code/third-party/D-FINE/src/zoo/dfine/hybrid_encoder.py	16588
source-code/third-party/D-FINE/src/zoo/dfine/matcher.py	3768
source-code/third-party/D-FINE/src/zoo/dfine/postprocessor.py	2828
source-code/third-party/D-FINE/src/zoo/dfine/utils.py	4499
source-code/third-party/D-FINE/tools/benchmark/dataset.py	2826
source-code/third-party/D-FINE/tools/benchmark/get_info.py	1338
source-code/third-party/D-FINE/tools/benchmark/requirements.txt	74
source-code/third-party/D-FINE/tools/benchmark/trt_benchmark.py	7844
source-code/third-party/D-FINE/tools/benchmark/utils.py	2244
source-code/third-party/D-FINE/tools/dataset/remap_obj365.py	5398
source-code/third-party/D-FINE/tools/dataset/resize_obj365.py	5261
source-code/third-party/D-FINE/tools/deployment/export_onnx.py	2891
source-code/third-party/D-FINE/tools/deployment/export_yolo_w_nms.py	1958
source-code/third-party/D-FINE/tools/inference/cppExample/onnx/CMakeLists.txt	647
source-code/third-party/D-FINE/tools/inference/cppExample/onnx/onnxExample.cpp	13357
source-code/third-party/D-FINE/tools/inference/cppExample/openvino/CMakeLists.txt	542
source-code/third-party/D-FINE/tools/inference/cppExample/openvino/openvinoExample.cpp	1758
source-code/third-party/D-FINE/tools/inference/cppExample/trt/CMakeLists.txt	796
source-code/third-party/D-FINE/tools/inference/cppExample/trt/trtExample.cpp	13992
source-code/third-party/D-FINE/tools/inference/onnx_inf.py	4500
source-code/third-party/D-FINE/tools/inference/openvino_inf.py	3872
source-code/third-party/D-FINE/tools/inference/requirements.txt	30
source-code/third-party/D-FINE/tools/inference/torch_inf.py	4360
source-code/third-party/D-FINE/tools/inference/trt_inf.py	7541
source-code/third-party/D-FINE/tools/visualization/fiftyone_vis.py	11237
source-code/third-party/D-FINE/train.py	2816
source-code/training/architecture-gate/run_architecture_gate_original_exporter.py	37269
source-code/training/architecture-gate/run_architecture_gate_preliminary.py	36768
source-code/training/architecture-gate/run_architecture_gate_streaming.py	37271
source-code/training/baseline-training/train_dfine_baseline.py	3765
source-code/training/baseline-training/train_yolo_baseline.py	7652
source-code/training/formal-training/train_formal_uniform_and_risk_branches.py	23147
source-code/training/method-gate/evaluate_method_gate_corruptions.py	13366
source-code/training/method-gate/run_method_gate_loader_smoke.py	16098
source-code/training/method-gate/train_context_balanced_cafr_gate.py	19761
source-code/training/method-gate/train_method_gate_arms.py	19491
source-code/training/training-controls/analyze_training_dynamics_attribution.py	22530
source-code/utilities/diagnostics/run_controlled_corruption_smoke_suite.py	24301
source-code/utilities/diagnostics/run_yolo11seg_diagnostic.py	11936
source-code/utilities/diagnostics/smoke_test_yolo.py	836
source-code/utilities/runtime-layout/prepare_runtime_layout.py	8089
source-code/utilities/shared-components/controlled_corruptions.py	12087
source-code/utilities/shared-tools/calibrate_train_detector_operating_points.py	19409
source-code/utilities/shared-tools/repair_bdd100k_yolo_label_gap.py	11101
source-code/utilities/shared-tools/resume_architecture_gate_after_evaluation_oom.py	16217
source-code/utilities/shared-tools/train_common_uniform_stage.py	13742
