top_level_directory	files	bytes	public_files	local_artifact_files
.gitattributes	1	281	1	0
.github	1	2771	1	0
.gitignore	1	6838	1	0
CITATION.cff	1	306	1	0
LICENSE	1	1068	1	0
README.md	1	3796	1	0
architecture-intervention	64	330759659	56	8
artifacts	4	129271	4	0
configs	3	7003	3	0
data-and-baselines	157	2134486186	138	19
docs	1	5307	1	0
environment-and-reproducibility	81	326689	81	0
failure-diagnosis	37	812498453	30	7
final-testing	224	126001986	196	28
formal-training	65	601927902	56	9
project-management	17	13069794	14	3
requirements-dfine.txt	1	362	1	0
requirements.txt	1	313	1	0
research-evidence	29	8873488	29	0
risk-data-intervention	149	682346221	106	43
source-code	229	2478893	229	0
