source_relative_path	broad_category	subcategory	destination_relative_path	sha256
analyze_failure_diagnosis.py	analysis	diagnostic-analysis	source-code/analysis/diagnostic-analysis/analyze_failure_diagnosis.py	27202d10aaea275634a95f9b2d815ff11642855a14c2059613b3465bc6b9c15e
analyze_failure_interactions.py	analysis	diagnostic-analysis	source-code/analysis/diagnostic-analysis/analyze_failure_interactions.py	01b450632696db1c8d72fe5c9dae9325d160a8725b377c8928bde2aec9fe0b5b
build_condition_subsets.py	data-preparation	data-validation	source-code/data-preparation/data-validation/build_condition_subsets.py	6cab62d63463c54b4bbe579e71e0ee2eae431f62735db9dba2d575f7a657eb58
build_detection_matches.py	data-preparation	detection-matching	source-code/data-preparation/detection-matching/build_detection_matches.py	8841503b799d68be973b8a70d39f261c5dfac79fa2cd4140581495db5621a8e6
build_final_paper_bundle_v1.py	data-preparation	data-validation	source-code/data-preparation/data-validation/build_final_research_evidence_bundle.py	e48ad70a2efe7c2f7a6b63cf484ad9c5a3dc7fd36494d5277c2a74654eafd1af
build_train_detection_matches.py	data-preparation	detection-matching	source-code/data-preparation/detection-matching/build_train_detection_matches.py	3a3b5aa6efd5c956b429769fcdf45f0def85ec174c8164e5f3c217d62e6337c2
build_train_risk_table.py	data-preparation	risk-labeling	source-code/data-preparation/risk-labeling/build_train_risk_table.py	e2f8f029da6cb7316f7be9ae49d73f55b11fade9cac925127f5530bba83aa44c
calibrate_train_detector_operating_points.py	utilities	shared-tools	source-code/utilities/shared-tools/calibrate_train_detector_operating_points.py	6bb84daaf49d3cfa1843ef6aa23e0634b71ed01da5144bed0d92f14db80ab86f
controlled_corruptions.py	utilities	shared-components	source-code/utilities/shared-components/controlled_corruptions.py	cb451b3ab1c5ba134bd5251298293f38f645d279d30614c7dbba7ecac550273a
evaluate_cafr_v2_clean.py	evaluation	canonical-clean	source-code/evaluation/canonical-clean/evaluate_context_balanced_cafr_clean.py	ce7dfcd1473430cb3b2672cc80d77dc8c6b589592d963848af370cc138eef28a
evaluate_condition_subsets.py	evaluation	canonical-clean	source-code/evaluation/canonical-clean/evaluate_condition_subsets.py	70ca51699992dd3db0de513d5d302350a06352e7e013f82b523105d11ea8ef70
evaluate_detection_baselines.py	evaluation	canonical-clean	source-code/evaluation/canonical-clean/evaluate_detection_baselines.py	b25fc75ad1d0e5a0a033717a8f9ca4be511e888d502eb530c38a8c4b6f503bc3
evaluate_formal_checkpoint_trajectory_v1.py	evaluation	canonical-clean	source-code/evaluation/canonical-clean/evaluate_formal_checkpoint_trajectory.py	7f0d4c0dfba32b458a762dfaffa594d3667bc1593f3ac88afac99fe9616e80d0
evaluate_method_gate_clean_v1.py	evaluation	canonical-clean	source-code/evaluation/canonical-clean/evaluate_method_gate_clean.py	8268e12d5989a8486a9b01dbd7d799bc009a8568b41207ec807a4922ce5d1c91
evaluate_method_gate_failures_v1.py	evaluation	canonical-clean	source-code/evaluation/canonical-clean/evaluate_method_gate_failures.py	f1ecf76b825ae5aa12d5b7ec94095b7130c7c570450b95a46d6e7557a695567c
export_dfine_m_controlled_corruptions.py	evaluation	prediction-export	source-code/evaluation/prediction-export/export_dfine_m_controlled_corruptions.py	df8db3600bd199d82a7862d701a84411331de34d0a616f629b4f4fc5b22d8945
export_dfine_m_predictions.py	evaluation	prediction-export	source-code/evaluation/prediction-export/export_dfine_m_predictions.py	6ed86b8903d876295a74d525f3edcb72da3955ea8e14460070974b31fcd406d3
export_dfine_m_train_predictions.py	evaluation	prediction-export	source-code/evaluation/prediction-export/export_dfine_m_train_predictions.py	979239900b0eebc77a071008e87b4b27ec61a2787e71a79cd41b01f4beacf0ea
export_yolo11m_controlled_corruptions.py	evaluation	prediction-export	source-code/evaluation/prediction-export/export_yolo11m_controlled_corruptions.py	ce8f84f3ac4e687cdf9127fa2a538e81606005b8329c763e6fe66df579a3f44e
export_yolo11m_predictions.py	evaluation	prediction-export	source-code/evaluation/prediction-export/export_yolo11m_predictions.py	974efcdb71dbbe4fff980cae27ebb7cf826a630bb9d5c2afd654ed3b36f23166
export_yolo11m_train_predictions.py	evaluation	prediction-export	source-code/evaluation/prediction-export/export_yolo11m_train_predictions.py	e7768d54f8e5ac866d45ee7d24cf103c9e9c6d0faa3945fbe78fa4b03a673959
finalize_failure_taxonomy.py	analysis	failure-taxonomy	source-code/analysis/failure-taxonomy/finalize_failure_taxonomy.py	447109a54a9d80d53e945312890f8ec80c3a2a678c67449ac92ecbef9491f889
freeze_cafr_sampling_protocol.py	data-preparation	protocol-freezing	source-code/data-preparation/protocol-freezing/freeze_cafr_sampling_protocol.py	8f6d8d047091c02ab9e39946717624d120cb23b35d5c932763bf18bc8051fa66
freeze_cafr_v2_gate.py	data-preparation	protocol-freezing	source-code/data-preparation/protocol-freezing/freeze_context_balanced_cafr_gate.py	f6131da78309a8aaac8f278576c97cb124c0451cb4dd19a5b2c3023190a7b987
freeze_final_testing_protocol_v1.py	data-preparation	protocol-freezing	source-code/data-preparation/protocol-freezing/freeze_final_testing_protocol.py	6e3e5bc41fcc0e37c2d0e34eb7b3137b12dbe6e09fb3f5b1f1c74e646830a4c3
freeze_method_gate_protocol.py	data-preparation	protocol-freezing	source-code/data-preparation/protocol-freezing/freeze_method_gate_protocol.py	b9e00914bbb863afdc6ef4054b9d353e0e43a793621587c8f3e14082f2770261
freeze_official_val_failure_subsets_v1.py	data-preparation	protocol-freezing	source-code/data-preparation/protocol-freezing/freeze_official_validation_failure_subsets.py	d83a3f6f1f40790027ff02e9ca0197422bc10dfea0940d141eedf2470f538825
materialize_cafr_v2_views.py	data-preparation	view-materialization	source-code/data-preparation/view-materialization/materialize_context_balanced_cafr_views.py	f1f0fca09dcae21edf288518e8a4fd29bce5f75ae9c02b9a82241560155bb91a
materialize_method_gate_views.py	data-preparation	view-materialization	source-code/data-preparation/view-materialization/materialize_method_gate_views.py	dc6001652b2aa517a5d53e9b62e35bc07c8d7fed33cbe94efbadb6abebf6a86e
prepare_cafr_object_view_smoke.py	data-preparation	view-materialization	source-code/data-preparation/view-materialization/prepare_cafr_object_view_smoke.py	34f4b3944c18a61a3a5de59fd1e18888e510571912268e8b1452013d69339329
prepare_cafr_sampling_audit.py	data-preparation	data-validation	source-code/data-preparation/data-validation/prepare_cafr_sampling_audit.py	8342ca8e39043ed9939f4791262ff0c7b2fffb7fbcd050aa787dcab980f563ed
prepare_cafr_sampling_audit_v2.py	data-preparation	data-validation	source-code/data-preparation/data-validation/prepare_unmatched_scalar_risk_sampling.py	e6cb0cd5cdcc693d49acb0ac6f19d650439efa0f13e38fd6bd524863130df2b4
prepare_cafr_sampling_audit_v3.py	data-preparation	data-validation	source-code/data-preparation/data-validation/prepare_matched_failure_sampling.py	69b7dd6bbf01ea8c2c23c97c61e89b05a65001d11d30c1e928accda9fda9b7d0
prepare_cafr_v2_cache_isolation.py	data-preparation	view-materialization	source-code/data-preparation/view-materialization/prepare_context_balanced_cafr_cache_isolation.py	5a160e10d23e0442e18a24aac85d45e0ab05f51da78228f538feb272d00899fe
prepare_dfine_bdd100k_checkpoint.py	data-preparation	dataset-conversion	source-code/data-preparation/dataset-conversion/prepare_dfine_bdd100k_checkpoint.py	28e47d2eea748b0d603637d60e18219df8702f52f435ea415a42edf318b8fa07
prepare_method_gate_cache_isolation.py	data-preparation	view-materialization	source-code/data-preparation/view-materialization/prepare_method_gate_cache_isolation.py	9a53b1a5f83823c5ac296ec2ec5680b4e00cc9d957e7d524397471d1a488afb9
prepare_rebu_formal_training_v1.py	data-preparation	data-validation	source-code/data-preparation/data-validation/prepare_formal_training_inputs.py	9cedc03b38c989064a0936b82bcce59294877792ba1d02e9ecec0411a4e5d051
prepare_yolo_architecture_gate.py	data-preparation	protocol-freezing	source-code/data-preparation/protocol-freezing/prepare_yolo_architecture_gate.py	4028c69ede489522e12f512fb5d2854049a08682ee30d8e49094cdf86b2a6c29
prepare_yolo_architecture_gate_v3.py	data-preparation	protocol-freezing	source-code/data-preparation/protocol-freezing/prepare_effective_development_architecture_gate.py	9e9d8c38cec5e204557545d5444833ff69e2fb8e061e63bbf956d903d6fda742
prepare_yolo_architecture_gate_v4.py	data-preparation	protocol-freezing	source-code/data-preparation/protocol-freezing/freeze_deterministic_architecture_gate.py	9404a8e96c8547e8b27b4aa20b627623876bbe5e943875b60b10806d78881bca
prepare_yolo_p2_gate_v2.py	data-preparation	protocol-freezing	source-code/data-preparation/protocol-freezing/prepare_projected_p2_architecture_gate.py	37b8c0c7ef84f12d67c77d152f4610be55531638c95ead26f724dc76acdd4f53
repair_bdd100k_yolo_label_gap.py	utilities	shared-tools	source-code/utilities/shared-tools/repair_bdd100k_yolo_label_gap.py	02187f6f2a74985e9218b999218af7395c0eb1e63d6b505c2f7fa895c900cfe6
resume_yolo_architecture_gate_v4_after_eval_oom.py	utilities	shared-tools	source-code/utilities/shared-tools/resume_architecture_gate_after_evaluation_oom.py	8693edd6c514ebf9293e061b4411b8f9339a113c62fff94946cc58cca9891444
run_cafr_v2_gate_training.py	training	method-gate	source-code/training/method-gate/train_context_balanced_cafr_gate.py	7aa1781901786b03cea0bbefebbfc36344a228328b1bca5b8ed750381e437335
run_controlled_corruption_benchmark.py	evaluation	corruption-evaluation	source-code/evaluation/corruption-evaluation/run_controlled_corruption_benchmark.py	caaf850b01b785365185c847af7942144d29d49061cc457f3896ce417949ad84
run_controlled_corruption_smoke_suite.py	utilities	diagnostics	source-code/utilities/diagnostics/run_controlled_corruption_smoke_suite.py	3f61cd58aa3dc87bf5bc00b0d5324b5e2c834c66c0ce0edf74593c0b3292670f
run_final_canonical_clean_v1.py	evaluation	canonical-clean	source-code/evaluation/canonical-clean/evaluate_final_canonical_clean.py	bd9e4299b2cee2df651039b1dc72d1daefe96dfbcc0925f16930f1399c7008ae
run_final_crop_scale_context_audit_v1.py	analysis	intervention-semantics	source-code/analysis/intervention-semantics/audit_crop_scale_context_shift.py	2b38c8e44e2a410175fa037490dd57143f4e52a1044ecc9b4a880b7bfba6a9de
run_final_efficiency_v1.py	evaluation	efficiency-evaluation	source-code/evaluation/efficiency-evaluation/evaluate_final_efficiency.py	7e29c2efacc0b2ca3ab69721e4e3d4c994312a5432771420e345519b4286019e
run_final_exposure_audit_v1.py	analysis	intervention-semantics	source-code/analysis/intervention-semantics/audit_training_data_exposure.py	3fa693d02dfc293a4d3f49f8c34903c023be0f9d51c849c4ad12587b0c94b6dd
run_final_paired_bootstrap_v1.py	evaluation	statistical-evaluation	source-code/evaluation/statistical-evaluation/run_paired_bootstrap_cpu_reference.py	9ff688359408b0d4a41424d75d05e74643e1b7076e70199c01bfe71cfc6a5008
run_final_paired_bootstrap_v2.py	evaluation	statistical-evaluation	source-code/evaluation/statistical-evaluation/run_paired_bootstrap_cuda.py	25cf9213f221cfa6bcba9b30b7dc66494d4b630ffccefe8ac0a29b8ca2321389
run_final_qualitative_cases_v1.py	evaluation	qualitative-evaluation	source-code/evaluation/qualitative-evaluation/build_qualitative_case_sheets.py	7fcc6785854737d673dc635f3aa7bfaa97b148064dd73a4b28247d3534a4ed30
run_final_representative_corruptions_v1.py	evaluation	corruption-evaluation	source-code/evaluation/corruption-evaluation/evaluate_representative_corruptions_reference.py	62b434c7781769d4382b19f134413df245758a2e2daced0e09134506542ed5c7
run_final_representative_corruptions_v2.py	evaluation	corruption-evaluation	source-code/evaluation/corruption-evaluation/evaluate_representative_corruptions_parallel.py	37d52d0b35f9f98fc58d0b27469a9900738d027a9782f2e6eff2337737c59ef1
run_final_threshold_sensitivity_v1.py	evaluation	failure-evaluation	source-code/evaluation/failure-evaluation/evaluate_threshold_sensitivity.py	3963f68be0578265a7c098b3bafc5cf93969e9de102e49edf8863e08f5f40c32
run_final_training_dynamics_attribution_v1.py	training	training-controls	source-code/training/training-controls/analyze_training_dynamics_attribution.py	e25da492c869a695600fddb0f5cd90a02c91c7da6638cf09b8fef3aa2f6cc69f
run_method_gate_corruption_v1.py	training	method-gate	source-code/training/method-gate/evaluate_method_gate_corruptions.py	4d7d7fb29c24715be6df045ca53b3354ac2b0666de5bec45042767b805fa3970
run_method_gate_loader_smoke.py	training	method-gate	source-code/training/method-gate/run_method_gate_loader_smoke.py	b7b953805e8f44eee57d289ee2bfef0f2f2f98f18ae3b0b1121af7c23911045f
run_method_gate_training_v1.py	training	method-gate	source-code/training/method-gate/train_method_gate_arms.py	a88ac883b2ba7c86f8c1271b533769bdd9558f8031a91ebf1017b240b203dccd
run_rebu_common40_v1.py	utilities	shared-tools	source-code/utilities/shared-tools/train_common_uniform_stage.py	d8d24bbd09cd10d635915d496feb100cfa0a95b4120d45f37b91396a043ad31b
run_rebu_formal_branches_v2.py	training	formal-training	source-code/training/formal-training/train_formal_uniform_and_risk_branches.py	06efbbcb622b0c118f6a60fe0b7c0095c2ae1be7623e0d39d36abc71363fc2e7
run_yolo11seg_diagnostic.py	utilities	diagnostics	source-code/utilities/diagnostics/run_yolo11seg_diagnostic.py	77c3f8184164dc61b11c335c8a09a77a6850bb5695c7bd523da28b85165757b3
run_yolo_architecture_gate_v3.py	training	architecture-gate	source-code/training/architecture-gate/run_architecture_gate_preliminary.py	2b85eefdf33205e45a4fad20df4186f20c28a83356d4b8e434d3399edc91121b
run_yolo_architecture_gate_v4.py	training	architecture-gate	source-code/training/architecture-gate/run_architecture_gate_original_exporter.py	79135bb1245ef26e23eaecfb80513f3916dde876ae12826ec9428da2efffcb41
run_yolo_architecture_gate_v4_fixed.py	training	architecture-gate	source-code/training/architecture-gate/run_architecture_gate_streaming.py	fd48e9575a9ef8606e2c20c882ec2dff6552e10d19016f43da8dbfd78547345b
train_dfine_baseline.py	training	baseline-training	source-code/training/baseline-training/train_dfine_baseline.py	8716cb3038fd0c9e90b7b48ab1e95f0b9d8094d5983857178ea1f96e97c1c84b
train_yolo_baseline.py	training	baseline-training	source-code/training/baseline-training/train_yolo_baseline.py	229e8e6ede50edadb73c079ff0d9f41f9f11aa89f102ed6397720d570b38b590
