threshold,macro_precision,macro_recall,macro_f1,micro_precision,micro_recall,micro_f1,total_tp,total_fp,total_fn
1.0,0.0,0.0,0.0,0.0,0.0,0.0,0,0,92393
0.99,0.0,0.0,0.0,0.0,0.0,0.0,0,0,92393
0.98,0.0,0.0,0.0,0.0,0.0,0.0,0,0,92393
0.97,0.3333333333333333,0.0017658379409545338,0.0035083906495649176,1.0,0.0013637396772482764,0.00272376484830143,126,0,92267
0.96,0.3302738927738928,0.010763265237685199,0.02069612618516063,0.9946524064171123,0.010065697617784896,0.019929710269158237,930,5,91463
0.95,0.552923331637704,0.02428514361954138,0.04470710533034105,0.9946830265848671,0.026322340437046097,0.05128745861363588,2432,13,89961
0.94,0.5514025493033077,0.037165959616885895,0.06607047489498946,0.9941031941031941,0.04379119630275021,0.08388708624032012,4046,24,88347
0.93,0.663801236418696,0.04984494532167247,0.08661507812187502,0.9945364821995065,0.06107605554533352,0.1150845850286029,5643,31,86750
0.92,0.9972366318437736,0.06190825414876925,0.105650162762309,0.9949231613611416,0.07847997142640677,0.1454840942606916,7251,37,85142
0.91,0.9967039778951305,0.07424544143258212,0.12529473133193925,0.9946613279946613,0.09679304709231219,0.17641836976248715,8943,48,83450
0.9,0.9968437702509603,0.08619481239841231,0.14377685343252036,0.9941762164193124,0.11455413288885521,0.20543677636623026,10584,62,81809
0.89,0.9960322448815089,0.10086237825212112,0.16676211157916102,0.9936630729981072,0.13068089573885466,0.2309840832568105,12074,77,80319
0.88,0.9957350553352821,0.11166542311704797,0.18330606769238877,0.9931783173182719,0.14654789865033066,0.2554090506102277,13540,93,78853
0.87,0.9922190834978619,0.12520807400252215,0.2043309158524915,0.9926920797945882,0.16319418137737707,0.2803071145730699,15078,111,77315
0.86,0.9889724494781967,0.13985802643529213,0.2268286316307057,0.9920257081647227,0.18042492396610132,0.30531974321638866,16670,134,75723
0.85,0.982670597041116,0.1569685009962734,0.25260760456448605,0.9906959029326949,0.19707120669314776,0.3287473368721338,18208,171,74185
0.84,0.9804580263338415,0.1768161204270739,0.2822453112141746,0.9893016047592861,0.21418289264338208,0.35212996903804406,19789,214,72604
0.83,0.9805977550114636,0.1957165882959615,0.3090938161880996,0.9877975779343372,0.23218209171690496,0.3759880816755762,21452,265,70941
0.82,0.9765942475781996,0.21306276022375698,0.3329616129959885,0.9859791178350735,0.2504085807366359,0.39938545460822733,23136,329,69257
0.81,0.9693604197332978,0.2312945413478726,0.35727461403577987,0.9841734588905595,0.2692195296180447,0.4227863377157572,24874,400,67519
0.8,0.9664993466022944,0.24987744069920392,0.3817377417125732,0.9827414537006306,0.2884309417380105,0.4459710484478287,26649,468,65744
0.79,0.9653638137482058,0.2681022327506597,0.40488910395597677,0.981117094725214,0.3076098838656608,0.46837122304529455,28421,547,63972
0.78,0.9637693690483194,0.2870933647717665,0.4284287970276553,0.9793955151121222,0.3261718961393179,0.4893677484309411,30136,634,62257
0.77,0.9619535557543881,0.3020215396736712,0.4464441819749065,0.9775063080804972,0.34382474862814283,0.5087156000032027,31767,731,60626
0.76,0.9582901765623727,0.31976620555211893,0.4670392769551468,0.9754504635838824,0.3621053543017328,0.528151170959263,33456,842,58937
0.75,0.9567832738056052,0.33514514286887026,0.4846152317245398,0.9730404393409885,0.37970409013669865,0.546248647302,35082,972,57311
0.74,0.949830617572214,0.35014274162031384,0.5008906625988306,0.9700095207870517,0.3969781260485102,0.5633885027456702,36678,1134,55715
0.73,0.9465718699962432,0.36515353908355563,0.5171668737449653,0.9663736041635087,0.41400322535257,0.5796703921197196,38251,1331,54142
0.72,0.9421531032359383,0.37874274086137527,0.5312500961238534,0.962584294104851,0.4310391479874016,0.5954427881524453,39825,1548,52568
0.71,0.9336525549531367,0.3940024952402448,0.5460985461419341,0.9584318634951546,0.4474473174374682,0.6100776966951235,41341,1793,51052
0.7,0.9293536605446546,0.4074379459357024,0.5592292784020269,0.9546265726777907,0.46317361704891064,0.6237237740579066,42794,2034,49599
0.69,0.9244663728867489,0.4208754845940509,0.5716781548519324,0.9502041693531055,0.47853192341411144,0.6365108729296085,44213,2317,48180
0.68,0.9196373904877918,0.43666089141944203,0.5861076202617377,0.9461745801368443,0.49391187644085593,0.6490261194825881,45634,2596,46759
0.67,0.9159085777717103,0.452776329731025,0.6005422135704888,0.9412023783307641,0.5088480729059561,0.6605687629966841,47014,2937,45379
0.66,0.9086439842833626,0.4682585595402884,0.6130983585189114,0.9359443701938908,0.5229833428939422,0.6710179141785864,48320,3307,44073
0.65,0.8992067011750883,0.48052138861848054,0.6219056115440784,0.9302050695134993,0.5366099163356531,0.6806001702221124,49579,3720,42814
0.64,0.8927513284093285,0.4943369920421092,0.6326268205150595,0.9243319676588956,0.5518599893931359,0.691105011690556,50988,4174,41405
0.63,0.8859373265494122,0.5092677576573134,0.6438176414047768,0.9173380768023438,0.56932884525884,0.7026012622299395,52602,4740,39791
0.62,0.8783796712496021,0.5247719471797587,0.6546948903123724,0.9098090073095968,0.5846655049624971,0.7118675337853421,54019,5355,38374
0.61,0.87307219185668,0.5375189913611459,0.6631236557397107,0.9032568455730059,0.599450174796792,0.7206427688504327,55385,5932,37008
0.6,0.8622926389931052,0.5494826532769099,0.6692085087025528,0.8954298012406634,0.6124273483921943,0.7273708905100107,56584,6608,35809
0.59,0.8541838794092802,0.5627663355939831,0.6764684018198067,0.887270268609011,0.6249391187644086,0.7333506912471662,57740,7336,34653
0.58,0.8425677508901984,0.5743370140233753,0.6811435923893328,0.878252954518324,0.6370287792365222,0.7384401131680144,58857,8159,33536
0.57,0.8318510580563054,0.5865569667549972,0.6862708936619436,0.8698422374131,0.6486746831469916,0.7431522561285602,59933,8968,32460
0.56,0.8217331155132026,0.5969217546071186,0.6897976408696578,0.8611554375608999,0.6600175337958504,0.7472887026212272,60981,9832,31412
0.55,0.8120369941304646,0.6069240380159003,0.6928352584382267,0.8523935987230471,0.6704620479906487,0.750560381907843,61946,10727,30447
0.54,0.8039724550286311,0.6158908655346512,0.6954492267994671,0.8431172731904851,0.6805493922699771,0.7531607285097411,62878,11700,29515
0.53,0.7937998837758017,0.6255472387572802,0.6975494075172308,0.8333355107586585,0.6903769766107822,0.7551498792442108,63786,12757,28607
0.52,0.780896787806432,0.634935159939506,0.6983280460575993,0.8232673015226358,0.6999015076899765,0.7565885305456268,64666,13882,27727
0.51,0.7695531862259055,0.6436933624486356,0.6989646027931429,0.812328580115914,0.708441115668936,0.7568364456264093,65455,15122,26938
0.5,0.7579183036070298,0.6546033013279144,0.7005620509658012,0.8014144955570331,0.7174677735326269,0.7571213194143044,66289,16426,26104
0.4963708519935608,0.7528622969633313,0.6593964172583255,0.7012245282327485,0.7974654763899194,0.7212775859643047,0.7574605447860012,66641,16925,25752
0.49,0.7446644628810263,0.6652859768674412,0.7008989062699715,0.7899128019863731,0.7265269013886333,0.756895113095641,67126,17853,25267
0.48,0.7291875931668813,0.6727425293285443,0.6980656109185502,0.7784354888667102,0.7344387561828277,0.7557973758659865,67857,19314,24536
0.47,0.71282779455904,0.681322952145282,0.6951127324455598,0.7663101185885614,0.7420583810461832,0.7539892885814519,68561,20908,23832
0.46,0.6982242956690246,0.6890244232882703,0.6919989573735053,0.7545400076256876,0.749656359247995,0.7520902556084001,69263,22532,23130
0.45,0.6849032097126078,0.6977677627659851,0.6897132160866887,0.7419194061505833,0.7572326907882632,0.7494978386977551,69963,24337,22430
0.44,0.6686361289068212,0.7064971903021635,0.6855563067390078,0.7286757727066397,0.7644734990746053,0.7461455169681765,70632,26300,21761
0.43,0.6513993786980163,0.7141125354279805,0.6799012936467339,0.7151319224127545,0.7709458508761486,0.7419907602722959,71230,28374,21163
0.42,0.6355400746414904,0.721077446439083,0.6741395770337978,0.7011222796916171,0.777591375970041,0.7373795948948749,71844,30626,20549
0.41,0.6181553424645945,0.7263376270379484,0.6663601539581165,0.6867433327961016,0.7840096111177254,0.7321601843616076,72437,33042,19956
0.4,0.602278915900733,0.7337520911453279,0.6599575733213514,0.6720951189906941,0.7910664227809466,0.7267439259027249,73089,35659,19304
0.39,0.5864909582968933,0.7406963179094482,0.6529629977015042,0.6564739863780623,0.7970084313746713,0.7199472050448513,73638,38534,18755
0.38,0.5696325764396715,0.7465431029357326,0.6444057407982926,0.6405130595404561,0.8031560832530603,0.712672931662881,74206,41648,18187
0.37,0.5511043668864176,0.7548249724308345,0.6352362763965291,0.6235537500312816,0.8090547985236977,0.7042944900881887,74751,45128,17642
0.36,0.5333466060744074,0.7624857411051118,0.6257148326614697,0.6066709635836287,0.8149968071174223,0.6955702428953457,75300,48820,17093
0.35,0.5154525495413509,0.7702933180191615,0.615671245709308,0.5890545022408289,0.8208305824034289,0.6858912905851496,75839,52908,16554
0.34,0.49634224480789985,0.7768163218866048,0.6036755985076996,0.57179231788873,0.8263829510893682,0.6759087126644358,76352,57179,16041
0.33,0.47720430426304994,0.7819533905423806,0.590608048489084,0.553371069725907,0.8316647365060124,0.6645592883922664,76840,62018,15553
0.32,0.4587126943188239,0.7881012624337234,0.5776703524524256,0.5353530458381507,0.8369465219226565,0.653008833116587,77328,67115,15065
0.31,0.4395324946331762,0.7936728419552979,0.5634641432434289,0.5163161422626908,0.842033487385408,0.6401230911005792,77798,72881,14595
0.3,0.41777040423172923,0.7977453834236607,0.5459766530746575,0.4968604569955621,0.8470230428712132,0.6263225290116047,78259,79248,14134
0.29,0.39935539767097394,0.8022063090826842,0.5307587605556195,0.4778929733404555,0.8521208316647365,0.6123583926078316,78730,86014,13663
0.28,0.37973199105818173,0.8085458075658232,0.5140285620709322,0.45849234707173425,0.8569047438658773,0.5973622261121507,79172,93507,13221
0.27,0.3598977647745523,0.8138675627735994,0.4962106297568746,0.43849011674696003,0.8609959628976221,0.5810577369061141,79550,101868,12843
0.26,0.3406181159787841,0.8206742878239617,0.4783741100572475,0.41890901092455457,0.8657474051064474,0.5646169429552584,79989,110957,12404
0.25,0.32157233103120036,0.8270933024962788,0.45985571856453006,0.39927893210440585,0.8702174407152057,0.54739737405578,80402,120966,11991
0.24,0.3029644351704397,0.8330301921194532,0.4409584527510735,0.3797062624838444,0.8744385397162122,0.5294919519739946,80792,131983,11601
0.23,0.28390607522016664,0.837116534896923,0.42049360936640984,0.3595960670149459,0.8783565854556081,0.5102837704433559,81154,144527,11239
0.22,0.26506723412058686,0.8416664127092017,0.39947876649980585,0.3400569035143343,0.8822421612026885,0.4908987434394167,81513,158191,10880
0.21,0.2463736160822267,0.845869574053264,0.3777618413409137,0.3206373334482529,0.8858138603573864,0.4708437366961605,81843,173408,10550
0.2,0.22848237098435334,0.8505253961001524,0.35621042195256586,0.301380815286157,0.8894180295043996,0.4502079121673816,82176,190489,10217
0.19,0.211158031668073,0.8540249849160306,0.33452286833631195,0.2823744454789419,0.8928598486898358,0.4290562416620508,82494,209650,9899
0.18,0.19431503181887394,0.8591603651898265,0.3128166449472688,0.2636909275105609,0.8958579113136277,0.4074508906265768,82771,231123,9622
0.17,0.177850043595853,0.8651436806754885,0.2908822733995562,0.2450158248850373,0.8990507938913121,0.38508539321675594,83066,255957,9327
0.16,0.16216198252034125,0.8700598287238215,0.26927676001398454,0.22678662273960157,0.9022544997997684,0.3624655413807797,83362,284217,9031
0.15,0.14710271837957595,0.8766914792394636,0.24789040165974377,0.20907584283003916,0.9052742090851038,0.3396975087522642,83641,316410,8752
0.14,0.13226763273672903,0.8820794824351608,0.2261450086484673,0.19144484349544336,0.9081099217473185,0.31622428885057147,83903,354359,8490
0.13,0.11835985354538742,0.8866107132168581,0.2051899814047018,0.1742587827080698,0.9110105743941641,0.292557036995843,84171,398852,8222
0.12,0.10482760552224077,0.8902896599797919,0.18418087111614637,0.1572607171543423,0.9133267671793318,0.26832075753673373,84385,452208,8008
0.11,0.09237554024463303,0.8950129891045893,0.16436288882136027,0.14091992425289673,0.9157728399337612,0.24425385241595124,84611,515808,7782
0.1,0.08074282974017583,0.8998615615602161,0.1453816689708034,0.12530447228988273,0.918143149372788,0.22051407359653957,84830,592161,7563
0.09,0.07018023839567289,0.902615563113828,0.1277367610652409,0.11078620322987971,0.9201671122271168,0.1977622442689494,85017,682380,7376
0.08,0.060970892922960936,0.9069030521790241,0.1120663934976755,0.09758497040051216,0.922223545073761,0.1764942260887577,85207,787950,7186
0.07,0.05294267711262782,0.9089923098779901,0.09812967323806257,0.08588997785957073,0.9241392746203717,0.157172283161927,85384,908725,7009
0.06,0.04628777263390365,0.9115028246590031,0.0863912580592647,0.0758692024707501,0.9256653642591971,0.14024377245499164,85525,1041744,6868
0.05,0.041039636930317626,0.9131883172558033,0.07700480582637773,0.067783380080765,0.9267152273440629,0.12632675403005686,85622,1177549,6771
0.04,0.03727012973991313,0.914474622670114,0.07018912237765444,0.061984215464908746,0.9273105105365125,0.11620119460312811,85677,1296562,6716
0.03,0.03500121889755482,0.914991744325613,0.0660449562429581,0.058592131655912746,0.9276027404673515,0.11022207360870419,85704,1377018,6689
0.02,0.03411136960704785,0.9155845253861103,0.06440478561724673,0.05733224529109589,0.9277109737750695,0.10799069944999252,85714,1409326,6679
0.01,0.033970822126034084,0.9155845253861103,0.06414441290253275,0.05714464768111961,0.9277109737750695,0.10765784464508545,85714,1414234,6679
0.0,0.033969207431959074,0.9155845253861103,0.06414138512366963,0.05714266666666667,0.9277109737750695,0.10765432905068034,85714,1414286,6679
