epoch,time,train/box_loss,train/cls_loss,train/dfl_loss,metrics/precision(B),metrics/recall(B),metrics/mAP50(B),metrics/mAP50-95(B),val/box_loss,val/cls_loss,val/dfl_loss,lr/pg0,lr/pg1,lr/pg2
1,1676.89,1.34588,0.88776,1.03811,0,0,0,0,0,0,0,0.00333292,0.00333292,0.0700037
2,3329.81,1.36167,0.86672,1.04213,0,0,0,0,0,0,0,0.00633628,0.00633628,0.0396737
3,4984.06,1.47361,1.00539,1.10037,0,0,0,0,0,0,0,0.00900963,0.00900963,0.00901373
4,6633.85,1.52528,1.06531,1.14555,0,0,0,0,0,0,0,0.008515,0.008515,0.008515
5,8278.24,1.49802,1.01661,1.14193,0,0,0,0,0,0,0,0.00802,0.00802,0.00802
6,9928.48,1.47649,0.98627,1.13734,0,0,0,0,0,0,0,0.007525,0.007525,0.007525
7,11580,1.45715,0.96406,1.13239,0,0,0,0,0,0,0,0.00703,0.00703,0.00703
8,13233.5,1.44555,0.94626,1.12812,0,0,0,0,0,0,0,0.006535,0.006535,0.006535
9,14889.3,1.43736,0.93207,1.12489,0,0,0,0,0,0,0,0.00604,0.00604,0.00604
10,16552.4,1.42997,0.92041,1.12345,0,0,0,0,0,0,0,0.005545,0.005545,0.005545
11,1622.4,1.46798,0.93254,1.14648,0,0,0,0,0,0,0,0.00505,0.00505,0.00505
12,3236.73,1.46379,0.92713,1.14705,0,0,0,0,0,0,0,0.004555,0.004555,0.004555
13,4853.47,1.45671,0.91619,1.1459,0,0,0,0,0,0,0,0.00406,0.00406,0.00406
14,6481.58,1.45012,0.90399,1.14325,0,0,0,0,0,0,0,0.003565,0.003565,0.003565
15,8098.19,1.44368,0.8939,1.14018,0,0,0,0,0,0,0,0.00307,0.00307,0.00307
16,9716.45,1.43817,0.88212,1.13704,0,0,0,0,0,0,0,0.002575,0.002575,0.002575
17,11340.1,1.42995,0.86999,1.13464,0,0,0,0,0,0,0,0.00208,0.00208,0.00208
18,12964.2,1.42409,0.85929,1.13184,0,0,0,0,0,0,0,0.001585,0.001585,0.001585
19,14589.7,1.41767,0.84714,1.12635,0,0,0,0,0,0,0,0.00109,0.00109,0.00109
20,16513,1.40897,0.8339,1.12161,0.74605,0.55704,0.60511,0.3555,1.4117,0.84567,1.11971,0.000595,0.000595,0.000595
