relative_path	line	kind	covered_by_runtime_contract	text
source-code/analysis/intervention-semantics/audit_crop_scale_context_shift.py	17	server-data-path	True	"""/root/rivermind-data/autodrive/results/evaluation"""
source-code/analysis/intervention-semantics/audit_crop_scale_context_shift.py	40	server-data-path	True	"""/root/rivermind-data/autodrive/datasets/datasets/"""
source-code/analysis/intervention-semantics/audit_crop_scale_context_shift.py	48	ram-disk-path	True	"RAM_ROOT = Path(""/dev/shm/rebu_yolo/method_gate_v1"")"
source-code/analysis/intervention-semantics/audit_training_data_exposure.py	18	server-data-path	True	"""/root/rivermind-data/autodrive/results/evaluation"""
source-code/analysis/intervention-semantics/audit_training_data_exposure.py	44	server-data-path	True	"""/root/rivermind-data/autodrive/datasets/datasets/"""
source-code/analysis/intervention-semantics/audit_training_data_exposure.py	66	ram-disk-path	True	"""/dev/shm/rebu_yolo/method_gate_v1"""
source-code/analysis/intervention-semantics/audit_training_data_exposure.py	573	ram-disk-path	True	"""/dev/shm/rebu_yolo/method_gate_v1/"""
source-code/data-preparation/data-validation/build_final_research_evidence_bundle.py	14	server-data-path	True	"RESULTS = Path(""/root/rivermind-data/autodrive/results/evaluation"")"
source-code/data-preparation/data-validation/prepare_cafr_sampling_audit.py	24	server-data-path	True	"""/root/rivermind-data/autodrive/results/evaluation/"""
source-code/data-preparation/data-validation/prepare_cafr_sampling_audit.py	29	server-data-path	True	"""/root/rivermind-data/autodrive/results/evaluation/"""
source-code/data-preparation/data-validation/prepare_cafr_sampling_audit.py	33	server-data-path	True	"""/root/rivermind-data/autodrive/results/evaluation/"""
source-code/data-preparation/data-validation/prepare_cafr_sampling_audit.py	37	server-data-path	True	"""/root/rivermind-data/autodrive/results/evaluation/"""
source-code/data-preparation/data-validation/prepare_cafr_sampling_audit.py	43	server-data-path	True	"""/root/rivermind-data/autodrive/results/evaluation/"""
source-code/data-preparation/data-validation/prepare_unmatched_scalar_risk_sampling.py	24	server-data-path	True	"""/root/rivermind-data/autodrive/results/evaluation/"""
source-code/data-preparation/data-validation/prepare_unmatched_scalar_risk_sampling.py	29	server-data-path	True	"""/root/rivermind-data/autodrive/results/evaluation/"""
source-code/data-preparation/data-validation/prepare_unmatched_scalar_risk_sampling.py	33	server-data-path	True	"""/root/rivermind-data/autodrive/results/evaluation/"""
source-code/data-preparation/data-validation/prepare_unmatched_scalar_risk_sampling.py	37	server-data-path	True	"""/root/rivermind-data/autodrive/results/evaluation/"""
source-code/data-preparation/data-validation/prepare_unmatched_scalar_risk_sampling.py	43	server-data-path	True	"""/root/rivermind-data/autodrive/results/evaluation/"""
source-code/data-preparation/data-validation/prepare_matched_failure_sampling.py	26	server-data-path	True	"""/root/rivermind-data/autodrive/results/evaluation/"""
source-code/data-preparation/data-validation/prepare_matched_failure_sampling.py	31	server-data-path	True	"""/root/rivermind-data/autodrive/results/evaluation/"""
source-code/data-preparation/data-validation/prepare_matched_failure_sampling.py	35	server-data-path	True	"""/root/rivermind-data/autodrive/results/evaluation/"""
source-code/data-preparation/data-validation/prepare_matched_failure_sampling.py	39	server-data-path	True	"""/root/rivermind-data/autodrive/results/evaluation/"""
source-code/data-preparation/data-validation/prepare_matched_failure_sampling.py	45	server-data-path	True	"""/root/rivermind-data/autodrive/results/evaluation/"""
source-code/data-preparation/data-validation/prepare_formal_training_inputs.py	15	server-data-path	True	"""/root/rivermind-data/autodrive/results/evaluation"""
source-code/data-preparation/data-validation/prepare_formal_training_inputs.py	24	ram-disk-path	True	"""/dev/shm/rebu_yolo/formal_training_v1/cache_anchors"""
source-code/data-preparation/data-validation/prepare_formal_training_inputs.py	59	server-data-path	True	"""/root/rivermind-data/autodrive/datasets/datasets/"""
source-code/data-preparation/data-validation/prepare_formal_training_inputs.py	89	ram-disk-path	True	"""/dev/shm/rebu_yolo/method_gate_v1"""
source-code/data-preparation/data-validation/prepare_formal_training_inputs.py	223	server-data-path	True	"""path: /root/rivermind-data/autodrive/"""
source-code/data-preparation/data-validation/prepare_formal_training_inputs.py	353	server-data-path	True	"shutil.disk_usage(""/root/rivermind-data"").free"
source-code/data-preparation/data-validation/prepare_formal_training_inputs.py	357	ram-disk-path	True	"shutil.disk_usage(""/dev/shm"").free"
source-code/data-preparation/data-validation/prepare_formal_training_inputs.py	489	ram-disk-path	True	"route.startswith(""/dev/shm/"")"
source-code/data-preparation/protocol-freezing/freeze_cafr_sampling_protocol.py	13	server-data-path	True	"""/root/rivermind-data/autodrive/results/evaluation"""
source-code/data-preparation/protocol-freezing/freeze_cafr_sampling_protocol.py	16	server-data-path	True	"""/root/rivermind-data/autodrive/code/"""
source-code/data-preparation/protocol-freezing/freeze_context_balanced_cafr_gate.py	12	server-data-path	True	"""/root/rivermind-data/autodrive/results/evaluation"""
source-code/data-preparation/protocol-freezing/freeze_final_testing_protocol.py	14	server-data-path	True	"""/root/rivermind-data/autodrive/code/"""
source-code/data-preparation/protocol-freezing/freeze_final_testing_protocol.py	18	server-data-path	True	"""/root/rivermind-data/autodrive/results/evaluation"""
source-code/data-preparation/protocol-freezing/freeze_final_testing_protocol.py	21	server-data-path	True	"""/root/rivermind-data/autodrive/datasets/datasets/"""
source-code/data-preparation/protocol-freezing/freeze_method_gate_protocol.py	14	server-data-path	True	"""/root/rivermind-data/autodrive/results/evaluation"""
source-code/data-preparation/protocol-freezing/freeze_method_gate_protocol.py	17	server-data-path	True	"""/root/rivermind-data/autodrive/code/"""
source-code/data-preparation/protocol-freezing/freeze_method_gate_protocol.py	355	ram-disk-path	True	"""root"": ""/dev/shm/rebu_yolo/method_gate_v1"","
source-code/data-preparation/protocol-freezing/freeze_official_validation_failure_subsets.py	21	server-data-path	True	"""/root/rivermind-data/autodrive/results/evaluation"""
source-code/data-preparation/protocol-freezing/freeze_official_validation_failure_subsets.py	24	server-data-path	True	"""/root/rivermind-data/autodrive/code/"""
source-code/data-preparation/protocol-freezing/freeze_official_validation_failure_subsets.py	50	server-data-path	True	"""/root/rivermind-data/autodrive/datasets/"""
source-code/data-preparation/protocol-freezing/freeze_official_validation_failure_subsets.py	533	server-data-path	True	"""/root/rivermind-data"""
source-code/data-preparation/protocol-freezing/prepare_yolo_architecture_gate.py	16	server-data-path	True	"ROOT = Path(""/root/rivermind-data/autodrive"")"
source-code/data-preparation/protocol-freezing/prepare_yolo_architecture_gate.py	23	conda-path	True	"""/opt/conda/lib/python3.10/site-packages/"""
source-code/data-preparation/protocol-freezing/prepare_effective_development_architecture_gate.py	13	server-data-path	True	"""/root/rivermind-data/autodrive/code/"""
source-code/data-preparation/protocol-freezing/prepare_effective_development_architecture_gate.py	17	server-data-path	True	"""/root/rivermind-data/autodrive/results/evaluation/"""
source-code/data-preparation/protocol-freezing/prepare_effective_development_architecture_gate.py	43	conda-path	True	"""/opt/conda/lib/python3.10/site-packages/"""
source-code/data-preparation/protocol-freezing/prepare_effective_development_architecture_gate.py	75	server-data-path	True	"""/root/rivermind-data/autodrive/datasets/datasets/"""
source-code/data-preparation/protocol-freezing/freeze_deterministic_architecture_gate.py	13	server-data-path	True	"""/root/rivermind-data/autodrive/results/evaluation/"""
source-code/data-preparation/protocol-freezing/prepare_projected_p2_architecture_gate.py	22	server-data-path	True	"ROOT = Path(""/root/rivermind-data/autodrive"")"
source-code/data-preparation/view-materialization/materialize_context_balanced_cafr_views.py	28	server-data-path	True	"""/root/rivermind-data/autodrive/results/evaluation"""
source-code/data-preparation/view-materialization/materialize_context_balanced_cafr_views.py	31	server-data-path	True	"""/root/rivermind-data/autodrive/datasets/datasets/"""
source-code/data-preparation/view-materialization/materialize_context_balanced_cafr_views.py	72	ram-disk-path	True	"""/dev/shm/rebu_yolo/cafr_v2_gate_v1"""
source-code/data-preparation/view-materialization/materialize_context_balanced_cafr_views.py	776	ram-disk-path	True	"shm_usage = shutil.disk_usage(""/dev/shm"")"
source-code/data-preparation/view-materialization/materialize_context_balanced_cafr_views.py	1207	ram-disk-path	True	"""/dev/shm"""
source-code/data-preparation/view-materialization/materialize_method_gate_views.py	28	server-data-path	True	"""/root/rivermind-data/autodrive/results/evaluation"""
source-code/data-preparation/view-materialization/materialize_method_gate_views.py	31	server-data-path	True	"""/root/rivermind-data/autodrive/datasets/datasets/"""
source-code/data-preparation/view-materialization/materialize_method_gate_views.py	72	ram-disk-path	True	"""/dev/shm/rebu_yolo/method_gate_v1"""
source-code/data-preparation/view-materialization/materialize_method_gate_views.py	770	ram-disk-path	True	"shm_usage = shutil.disk_usage(""/dev/shm"")"
source-code/data-preparation/view-materialization/materialize_method_gate_views.py	1201	ram-disk-path	True	"""/dev/shm"""
source-code/data-preparation/view-materialization/prepare_cafr_object_view_smoke.py	26	server-data-path	True	"""/root/rivermind-data/autodrive/datasets/datasets/bdd100k_final"""
source-code/data-preparation/view-materialization/prepare_cafr_object_view_smoke.py	31	server-data-path	True	"""/root/rivermind-data/autodrive/results/evaluation/"""
source-code/data-preparation/view-materialization/prepare_cafr_object_view_smoke.py	36	server-data-path	True	"""/root/rivermind-data/autodrive/results/evaluation/"""
source-code/data-preparation/view-materialization/prepare_cafr_object_view_smoke.py	40	server-data-path	True	"""/root/rivermind-data/autodrive/results/evaluation/"""
source-code/data-preparation/view-materialization/prepare_cafr_object_view_smoke.py	46	ram-disk-path	True	"""/dev/shm/rebu_yolo/object_view_smoke_v1"""
source-code/data-preparation/view-materialization/prepare_cafr_object_view_smoke.py	49	server-data-path	True	"""/root/rivermind-data/autodrive/results/evaluation/"""
source-code/data-preparation/view-materialization/prepare_cafr_object_view_smoke.py	432	ram-disk-path	True	"shm_usage = shutil.disk_usage(""/dev/shm"")"
source-code/data-preparation/view-materialization/prepare_cafr_object_view_smoke.py	439	ram-disk-path	True	"""Insufficient /dev/shm free capacity"""
source-code/data-preparation/view-materialization/prepare_context_balanced_cafr_cache_isolation.py	13	server-data-path	True	"""/root/rivermind-data/autodrive/results/evaluation"""
source-code/data-preparation/view-materialization/prepare_context_balanced_cafr_cache_isolation.py	21	ram-disk-path	True	"""/dev/shm/rebu_yolo/cafr_v2_gate_v1"""
source-code/data-preparation/view-materialization/prepare_context_balanced_cafr_cache_isolation.py	103	server-data-path	True	"""path: /root/rivermind-data/autodrive/"""
source-code/data-preparation/view-materialization/prepare_context_balanced_cafr_cache_isolation.py	440	ram-disk-path	True	"if not route.startswith(""/dev/shm/""):"
source-code/data-preparation/view-materialization/prepare_context_balanced_cafr_cache_isolation.py	577	ram-disk-path	True	"print(""PASS: four label caches are isolated in /dev/shm"")"
source-code/data-preparation/view-materialization/prepare_method_gate_cache_isolation.py	13	server-data-path	True	"""/root/rivermind-data/autodrive/results/evaluation"""
source-code/data-preparation/view-materialization/prepare_method_gate_cache_isolation.py	21	ram-disk-path	True	"""/dev/shm/rebu_yolo/method_gate_v1"""
source-code/data-preparation/view-materialization/prepare_method_gate_cache_isolation.py	103	server-data-path	True	"""path: /root/rivermind-data/autodrive/"""
source-code/data-preparation/view-materialization/prepare_method_gate_cache_isolation.py	440	ram-disk-path	True	"if not route.startswith(""/dev/shm/""):"
source-code/data-preparation/view-materialization/prepare_method_gate_cache_isolation.py	577	ram-disk-path	True	"print(""PASS: four label caches are isolated in /dev/shm"")"
source-code/evaluation/canonical-clean/evaluate_context_balanced_cafr_clean.py	11	server-data-path	True	"""/root/rivermind-data/autodrive/code/"""
source-code/evaluation/canonical-clean/evaluate_context_balanced_cafr_clean.py	15	server-data-path	True	"""/root/rivermind-data/autodrive/results/evaluation/method_gate"""
source-code/evaluation/canonical-clean/evaluate_context_balanced_cafr_clean.py	28	server-data-path	True	"""/root/rivermind-data/autodrive/results/evaluation/"""
source-code/evaluation/canonical-clean/evaluate_context_balanced_cafr_clean.py	33	server-data-path	True	"""/root/rivermind-data/autodrive/results/evaluation/"""
source-code/evaluation/canonical-clean/evaluate_formal_checkpoint_trajectory.py	22	server-data-path	True	"""/root/rivermind-data/autodrive/code/"""
source-code/evaluation/canonical-clean/evaluate_formal_checkpoint_trajectory.py	27	server-data-path	True	"""/root/rivermind-data/autodrive/results/evaluation"""
source-code/evaluation/canonical-clean/evaluate_formal_checkpoint_trajectory.py	37	server-data-path	True	"""/root/rivermind-data/autodrive/datasets/datasets/"""
source-code/evaluation/canonical-clean/evaluate_method_gate_clean.py	11	server-data-path	True	"""/root/rivermind-data/autodrive/code/"""
source-code/evaluation/canonical-clean/evaluate_method_gate_clean.py	15	server-data-path	True	"""/root/rivermind-data/autodrive/results/evaluation/method_gate"""
source-code/evaluation/canonical-clean/evaluate_method_gate_clean.py	28	server-data-path	True	"""/root/rivermind-data/autodrive/results/evaluation/"""
source-code/evaluation/canonical-clean/evaluate_method_gate_clean.py	33	server-data-path	True	"""/root/rivermind-data/autodrive/results/evaluation/"""
source-code/evaluation/canonical-clean/evaluate_method_gate_failures.py	15	server-data-path	True	"""/root/rivermind-data/autodrive/results/evaluation"""
source-code/evaluation/canonical-clean/evaluate_final_canonical_clean.py	24	server-data-path	True	"""/root/rivermind-data/autodrive/code/"""
source-code/evaluation/canonical-clean/evaluate_final_canonical_clean.py	28	server-data-path	True	"""/root/rivermind-data/autodrive/results/evaluation"""
source-code/evaluation/canonical-clean/evaluate_final_canonical_clean.py	31	server-data-path	True	"""/root/rivermind-data/autodrive/datasets/datasets/"""
source-code/evaluation/canonical-clean/evaluate_final_canonical_clean.py	355	server-data-path	True	"""/root/rivermind-data"""
source-code/evaluation/corruption-evaluation/run_controlled_corruption_benchmark.py	49	server-data-path	True	"""/root/rivermind-data/autodrive/code/robust-autonomous-driving-perception"""
source-code/evaluation/corruption-evaluation/run_controlled_corruption_benchmark.py	65	server-data-path	True	"""/root/rivermind-data/autodrive/results/evaluation/"""
source-code/evaluation/corruption-evaluation/run_controlled_corruption_benchmark.py	70	server-data-path	True	"""/root/rivermind-data/autodrive/results/detection/"""
source-code/evaluation/corruption-evaluation/run_controlled_corruption_benchmark.py	81	server-data-path	True	"""/root/rivermind-data/autodrive/results/final/"""
source-code/evaluation/corruption-evaluation/run_controlled_corruption_benchmark.py	87	server-data-path	True	"""/root/rivermind-data/autodrive/conda_envs/dfine"""
source-code/evaluation/corruption-evaluation/run_controlled_corruption_benchmark.py	91	server-data-path	True	"""/root/rivermind-data/autodrive/datasets/datasets/bdd100k_final"""
source-code/evaluation/corruption-evaluation/run_controlled_corruption_benchmark.py	99	server-data-path	True	"""/root/rivermind-data/autodrive/results/evaluation/"""
source-code/evaluation/corruption-evaluation/run_controlled_corruption_benchmark.py	1196	server-data-path	True	"""/root/rivermind-data/autodrive/results/evaluation/"""
source-code/evaluation/corruption-evaluation/evaluate_representative_corruptions_reference.py	21	server-data-path	True	"""/root/rivermind-data/autodrive/code/"""
source-code/evaluation/corruption-evaluation/evaluate_representative_corruptions_reference.py	25	server-data-path	True	"""/root/rivermind-data/autodrive/results/evaluation"""
source-code/evaluation/corruption-evaluation/evaluate_representative_corruptions_reference.py	29	server-data-path	True	"""/root/rivermind-data/autodrive/datasets/datasets/"""
source-code/evaluation/corruption-evaluation/evaluate_representative_corruptions_reference.py	73	ram-disk-path	True	"""/dev/shm/rebu_yolo/"""
source-code/evaluation/corruption-evaluation/evaluate_representative_corruptions_reference.py	468	server-data-path	True	"""/root/rivermind-data"""
source-code/evaluation/corruption-evaluation/evaluate_representative_corruptions_reference.py	471	ram-disk-path	True	"""/dev/shm"""
source-code/evaluation/efficiency-evaluation/evaluate_final_efficiency.py	24	server-data-path	True	"""/root/rivermind-data/autodrive/code/"""
source-code/evaluation/efficiency-evaluation/evaluate_final_efficiency.py	28	server-data-path	True	"""/root/rivermind-data/autodrive/results/evaluation"""
source-code/evaluation/failure-evaluation/evaluate_threshold_sensitivity.py	22	server-data-path	True	"""/root/rivermind-data/autodrive/results/evaluation/"""
source-code/evaluation/failure-evaluation/evaluate_threshold_sensitivity.py	27	server-data-path	True	"""/root/rivermind-data/autodrive/code/"""
source-code/evaluation/failure-evaluation/evaluate_threshold_sensitivity.py	54	server-data-path	True	"""/root/rivermind-data/autodrive/datasets/datasets/"""
source-code/evaluation/failure-evaluation/evaluate_threshold_sensitivity.py	59	server-data-path	True	"""/root/rivermind-data/autodrive/results/evaluation/"""
source-code/evaluation/failure-evaluation/evaluate_threshold_sensitivity.py	69	server-data-path	True	"""/root/rivermind-data/autodrive/results/evaluation/"""
source-code/evaluation/failure-evaluation/evaluate_threshold_sensitivity.py	73	server-data-path	True	"""/root/rivermind-data/autodrive/results/evaluation/"""
source-code/evaluation/qualitative-evaluation/build_qualitative_case_sheets.py	24	server-data-path	True	"""/root/rivermind-data/autodrive"""
source-code/evaluation/qualitative-evaluation/build_qualitative_case_sheets.py	1602	server-data-path	True	"""/root/rivermind-data"""
source-code/evaluation/statistical-evaluation/run_paired_bootstrap_cpu_reference.py	26	server-data-path	True	"""/root/rivermind-data/autodrive/results/evaluation/"""
source-code/evaluation/statistical-evaluation/run_paired_bootstrap_cpu_reference.py	62	server-data-path	True	"""/root/rivermind-data/autodrive/datasets/datasets/"""
source-code/evaluation/statistical-evaluation/run_paired_bootstrap_cpu_reference.py	85	server-data-path	True	"""/root/rivermind-data/autodrive/results/evaluation/"""
source-code/evaluation/statistical-evaluation/run_paired_bootstrap_cpu_reference.py	89	server-data-path	True	"""/root/rivermind-data/autodrive/results/evaluation/"""
source-code/evaluation/statistical-evaluation/run_paired_bootstrap_cpu_reference.py	94	server-data-path	True	"""/root/rivermind-data/autodrive/results/evaluation/"""
source-code/third-party/D-FINE/configs/dataset/bdd100k_detection.yml	16	server-data-path	True	img_folder: /root/rivermind-data/autodrive/datasets/datasets/bdd100k_final
source-code/third-party/D-FINE/configs/dataset/bdd100k_detection.yml	17	server-data-path	True	ann_file: /root/rivermind-data/autodrive/datasets/datasets/bdd100k_final/coco/annotations/instances_train_contiguous.json
source-code/third-party/D-FINE/configs/dataset/bdd100k_detection.yml	32	server-data-path	True	img_folder: /root/rivermind-data/autodrive/datasets/datasets/bdd100k_final
source-code/third-party/D-FINE/configs/dataset/bdd100k_detection.yml	33	server-data-path	True	ann_file: /root/rivermind-data/autodrive/datasets/datasets/bdd100k_final/coco/annotations/instances_val_contiguous.json
source-code/third-party/D-FINE/configs/dataset/bdd100k_detection_smoke.yml	14	server-data-path	True	img_folder: /root/rivermind-data/autodrive/datasets/datasets/bdd100k_final
source-code/third-party/D-FINE/configs/dataset/bdd100k_detection_smoke.yml	15	server-data-path	True	ann_file: /root/rivermind-data/autodrive/datasets/datasets/bdd100k_final/coco/annotations/instances_train_dfine_smoke.json
source-code/third-party/D-FINE/configs/dataset/bdd100k_detection_smoke.yml	30	server-data-path	True	img_folder: /root/rivermind-data/autodrive/datasets/datasets/bdd100k_final
source-code/third-party/D-FINE/configs/dataset/bdd100k_detection_smoke.yml	31	server-data-path	True	ann_file: /root/rivermind-data/autodrive/datasets/datasets/bdd100k_final/coco/annotations/instances_val_dfine_smoke.json
source-code/third-party/D-FINE/configs/dfine/dfine_hgnetv2_m_bdd100k.yml	10	server-data-path	True	output_dir: /root/rivermind-data/autodrive/results/detection/dfine_m_bdd100k_main
source-code/third-party/D-FINE/configs/dfine/dfine_hgnetv2_m_bdd100k_50epoch_backup.yml	10	server-data-path	True	output_dir: /root/rivermind-data/autodrive/results/detection/dfine_m_bdd100k_main
source-code/third-party/D-FINE/configs/dfine/dfine_hgnetv2_m_bdd100k_b16_multiscale_test.yml	9	server-data-path	True	output_dir: /root/rivermind-data/autodrive/results/detection/dfine_m_bdd100k_smoke
source-code/third-party/D-FINE/configs/dfine/dfine_hgnetv2_m_bdd100k_b16_test.yml	9	server-data-path	True	output_dir: /root/rivermind-data/autodrive/results/detection/dfine_m_bdd100k_smoke
source-code/third-party/D-FINE/configs/dfine/dfine_hgnetv2_m_bdd100k_b24_test.yml	9	server-data-path	True	output_dir: /root/rivermind-data/autodrive/results/detection/dfine_m_bdd100k_smoke
source-code/third-party/D-FINE/configs/dfine/dfine_hgnetv2_m_bdd100k_b32_test.yml	9	server-data-path	True	output_dir: /root/rivermind-data/autodrive/results/detection/dfine_m_bdd100k_smoke
source-code/third-party/D-FINE/configs/dfine/dfine_hgnetv2_m_bdd100k_smoke.yml	9	server-data-path	True	output_dir: /root/rivermind-data/autodrive/results/detection/dfine_m_bdd100k_smoke
source-code/third-party/D-FINE/configs/dfine/dfine_hgnetv2_m_bdd100k_train_export.yml	10	server-data-path	True	img_folder: /root/rivermind-data/autodrive/datasets/datasets/bdd100k_final
source-code/third-party/D-FINE/configs/dfine/dfine_hgnetv2_m_bdd100k_train_export.yml	11	server-data-path	True	ann_file: /root/rivermind-data/autodrive/datasets/datasets/bdd100k_final/coco/annotations/instances_train_contiguous.json
source-code/training/architecture-gate/run_architecture_gate_preliminary.py	24	server-data-path	True	"""/root/rivermind-data/autodrive/code/"""
source-code/training/architecture-gate/run_architecture_gate_preliminary.py	28	server-data-path	True	"""/root/rivermind-data/autodrive/results/evaluation/"""
source-code/training/architecture-gate/run_architecture_gate_original_exporter.py	24	server-data-path	True	"""/root/rivermind-data/autodrive/code/"""
source-code/training/architecture-gate/run_architecture_gate_original_exporter.py	28	server-data-path	True	"""/root/rivermind-data/autodrive/results/evaluation/"""
source-code/training/architecture-gate/run_architecture_gate_streaming.py	24	server-data-path	True	"""/root/rivermind-data/autodrive/code/"""
source-code/training/architecture-gate/run_architecture_gate_streaming.py	28	server-data-path	True	"""/root/rivermind-data/autodrive/results/evaluation/"""
source-code/training/formal-training/train_formal_uniform_and_risk_branches.py	29	server-data-path	True	"""/root/rivermind-data/autodrive/results/evaluation"""
source-code/training/formal-training/train_formal_uniform_and_risk_branches.py	233	server-data-path	True	"""/root/rivermind-data/autodrive/datasets/"""
source-code/training/formal-training/train_formal_uniform_and_risk_branches.py	238	ram-disk-path	True	"""/dev/shm/rebu_yolo/method_gate_v1/"""
source-code/training/formal-training/train_formal_uniform_and_risk_branches.py	521	ram-disk-path	True	# This is especially important for the Rebu views stored in /dev/shm.
source-code/training/method-gate/train_context_balanced_cafr_gate.py	21	server-data-path	True	"""/root/rivermind-data/autodrive/results/evaluation"""
source-code/training/method-gate/train_context_balanced_cafr_gate.py	51	ram-disk-path	True	"""/dev/shm/rebu_yolo/cafr_v2_gate_v1"""
source-code/training/method-gate/train_context_balanced_cafr_gate.py	315	ram-disk-path	True	"""/dev/shm/"""
source-code/training/method-gate/train_context_balanced_cafr_gate.py	372	server-data-path	True	"""/root/rivermind-data"""
source-code/training/method-gate/train_context_balanced_cafr_gate.py	374	ram-disk-path	True	"shm = shutil.disk_usage(""/dev/shm"")"
source-code/training/method-gate/evaluate_method_gate_corruptions.py	22	server-data-path	True	"""/root/rivermind-data/autodrive/results/evaluation"""
source-code/training/method-gate/evaluate_method_gate_corruptions.py	25	server-data-path	True	"""/root/rivermind-data/autodrive/code/"""
source-code/training/method-gate/evaluate_method_gate_corruptions.py	53	server-data-path	True	"""/root/rivermind-data/autodrive/datasets/datasets/bdd100k_final"""
source-code/training/method-gate/evaluate_method_gate_corruptions.py	183	server-data-path	True	"shutil.disk_usage(""/root/rivermind-data"").free"
source-code/training/method-gate/run_method_gate_loader_smoke.py	20	server-data-path	True	"""/root/rivermind-data/autodrive/results/evaluation"""
source-code/training/method-gate/run_method_gate_loader_smoke.py	39	ram-disk-path	True	"""/dev/shm/rebu_yolo/method_gate_v1"""
source-code/training/method-gate/run_method_gate_loader_smoke.py	42	ram-disk-path	True	"""/dev/shm/rebu_yolo/method_gate_loader_smoke_v1"""
source-code/training/method-gate/run_method_gate_loader_smoke.py	49	server-data-path	True	"""/root/rivermind-data/autodrive/datasets/"""
source-code/training/method-gate/run_method_gate_loader_smoke.py	125	server-data-path	True	"""path: /root/rivermind-data/autodrive/"""
source-code/training/method-gate/run_method_gate_loader_smoke.py	267	ram-disk-path	True	"""/dev/shm/"""
source-code/training/method-gate/train_method_gate_arms.py	21	server-data-path	True	"""/root/rivermind-data/autodrive/results/evaluation"""
source-code/training/method-gate/train_method_gate_arms.py	51	ram-disk-path	True	"""/dev/shm/rebu_yolo/method_gate_v1"""
source-code/training/method-gate/train_method_gate_arms.py	308	ram-disk-path	True	"""/dev/shm/"""
source-code/training/method-gate/train_method_gate_arms.py	365	server-data-path	True	"""/root/rivermind-data"""
source-code/training/method-gate/train_method_gate_arms.py	367	ram-disk-path	True	"shm = shutil.disk_usage(""/dev/shm"")"
source-code/training/training-controls/analyze_training_dynamics_attribution.py	17	server-data-path	True	"""/root/rivermind-data/autodrive/results/evaluation/"""
source-code/training/training-controls/analyze_training_dynamics_attribution.py	22	server-data-path	True	"""/root/rivermind-data/autodrive/results/evaluation/"""
source-code/utilities/diagnostics/run_controlled_corruption_smoke_suite.py	35	server-data-path	True	"""/root/rivermind-data/autodrive/code/robust-autonomous-driving-perception"""
source-code/utilities/diagnostics/run_controlled_corruption_smoke_suite.py	52	server-data-path	True	"""/root/rivermind-data/autodrive/results/detection/"""
source-code/utilities/diagnostics/run_controlled_corruption_smoke_suite.py	62	server-data-path	True	"""/root/rivermind-data/autodrive/results/final/"""
source-code/utilities/diagnostics/run_controlled_corruption_smoke_suite.py	67	server-data-path	True	"""/root/rivermind-data/autodrive/conda_envs/dfine"""
source-code/utilities/diagnostics/run_controlled_corruption_smoke_suite.py	71	server-data-path	True	"""/root/rivermind-data/autodrive/datasets/datasets/bdd100k_final"""
source-code/utilities/diagnostics/run_controlled_corruption_smoke_suite.py	79	server-data-path	True	"""/root/rivermind-data/autodrive/results/evaluation/"""
source-code/utilities/runtime-layout/container_entrypoint.sh	18	server-data-path	True	"DFINE_ENV=""/root/rivermind-data/autodrive/conda_envs/dfine/bin"""
source-code/utilities/runtime-layout/container_entrypoint.sh	30	server-data-path	True	/root/rivermind-data/autodrive/code/robust-autonomous-driving-perception
source-code/utilities/runtime-layout/prepare_runtime_layout.py	19	server-data-path	True	"EXACT_COMPATIBILITY_ROOT = Path(""/root/rivermind-data"")"
source-code/utilities/runtime-layout/prepare_runtime_layout.py	193	ram-disk-path	True	"scratch_root = Path(""/dev/shm/rebu_yolo"")"
source-code/utilities/shared-tools/repair_bdd100k_yolo_label_gap.py	9	server-data-path	True	"ROOT = Path(""/root/rivermind-data/autodrive"")"
source-code/utilities/shared-tools/resume_architecture_gate_after_evaluation_oom.py	34	server-data-path	True	"""/root/rivermind-data/autodrive/results/evaluation/"""
source-code/utilities/shared-tools/train_common_uniform_stage.py	27	server-data-path	True	"""/root/rivermind-data/autodrive/results/evaluation"""
configs/datasets/yolo/bdd100k.yaml	1	server-data-path	True	path: /root/rivermind-data/autodrive/datasets/datasets/bdd100k_final
