name	version	build	channel	url	record
_libgcc_mutex	0.1	main	https://repo.anaconda.com/pkgs/main/linux-64	https://repo.anaconda.com/pkgs/main/linux-64/_libgcc_mutex-0.1-main.conda	_libgcc_mutex-0.1-main.json
_openmp_mutex	5.1	1_gnu	https://repo.anaconda.com/pkgs/main/linux-64	https://repo.anaconda.com/pkgs/main/linux-64/_openmp_mutex-5.1-1_gnu.conda	_openmp_mutex-5.1-1_gnu.json
archspec	0.2.3	pyhd3eb1b0_0	https://repo.anaconda.com/pkgs/main/noarch	https://repo.anaconda.com/pkgs/main/noarch/archspec-0.2.3-pyhd3eb1b0_0.conda	archspec-0.2.3-pyhd3eb1b0_0.json
asttokens	2.0.5	pyhd3eb1b0_0	https://repo.anaconda.com/pkgs/main/noarch	https://repo.anaconda.com/pkgs/main/noarch/asttokens-2.0.5-pyhd3eb1b0_0.conda	asttokens-2.0.5-pyhd3eb1b0_0.json
attrs	23.1.0	py310h06a4308_0	https://repo.anaconda.com/pkgs/main/linux-64	https://repo.anaconda.com/pkgs/main/linux-64/attrs-23.1.0-py310h06a4308_0.conda	attrs-23.1.0-py310h06a4308_0.json
beautifulsoup4	4.12.2	py310h06a4308_0	https://repo.anaconda.com/pkgs/main/linux-64	https://repo.anaconda.com/pkgs/main/linux-64/beautifulsoup4-4.12.2-py310h06a4308_0.conda	beautifulsoup4-4.12.2-py310h06a4308_0.json
blas	1.0	mkl	https://repo.anaconda.com/pkgs/main/linux-64	https://repo.anaconda.com/pkgs/main/linux-64/blas-1.0-mkl.conda	blas-1.0-mkl.json
boltons	23.0.0	py310h06a4308_0	https://repo.anaconda.com/pkgs/main/linux-64	https://repo.anaconda.com/pkgs/main/linux-64/boltons-23.0.0-py310h06a4308_0.conda	boltons-23.0.0-py310h06a4308_0.json
brotli	1.2.0	hed03a55_1	https://conda.anaconda.org/conda-forge/linux-64	https://conda.anaconda.org/conda-forge/linux-64/brotli-1.2.0-hed03a55_1.conda	brotli-1.2.0-hed03a55_1.json
brotli-bin	1.2.0	hb03c661_1	https://conda.anaconda.org/conda-forge/linux-64	https://conda.anaconda.org/conda-forge/linux-64/brotli-bin-1.2.0-hb03c661_1.conda	brotli-bin-1.2.0-hb03c661_1.json
brotli-python	1.0.9	py310h6a678d5_7	https://repo.anaconda.com/pkgs/main/linux-64	https://repo.anaconda.com/pkgs/main/linux-64/brotli-python-1.0.9-py310h6a678d5_7.conda	brotli-python-1.0.9-py310h6a678d5_7.json
bzip2	1.0.8	h7b6447c_0	https://repo.anaconda.com/pkgs/main/linux-64	https://repo.anaconda.com/pkgs/main/linux-64/bzip2-1.0.8-h7b6447c_0.conda	bzip2-1.0.8-h7b6447c_0.json
c-ares	1.19.1	h5eee18b_0	https://repo.anaconda.com/pkgs/main/linux-64	https://repo.anaconda.com/pkgs/main/linux-64/c-ares-1.19.1-h5eee18b_0.conda	c-ares-1.19.1-h5eee18b_0.json
ca-certificates	2026.7.22	hbd8a1cb_0	https://conda.anaconda.org/conda-forge/noarch	https://conda.anaconda.org/conda-forge/noarch/ca-certificates-2026.7.22-hbd8a1cb_0.conda	ca-certificates-2026.7.22-hbd8a1cb_0.json
certifi	2026.7.22	pyhd8ed1ab_0	https://conda.anaconda.org/conda-forge/noarch	https://conda.anaconda.org/conda-forge/noarch/certifi-2026.7.22-pyhd8ed1ab_0.conda	certifi-2026.7.22-pyhd8ed1ab_0.json
cffi	1.16.0	py310h5eee18b_0	https://repo.anaconda.com/pkgs/main/linux-64	https://repo.anaconda.com/pkgs/main/linux-64/cffi-1.16.0-py310h5eee18b_0.conda	cffi-1.16.0-py310h5eee18b_0.json
chardet	4.0.0	py310h06a4308_1003	https://repo.anaconda.com/pkgs/main/linux-64	https://repo.anaconda.com/pkgs/main/linux-64/chardet-4.0.0-py310h06a4308_1003.conda	chardet-4.0.0-py310h06a4308_1003.json
charset-normalizer	2.0.4	pyhd3eb1b0_0	https://repo.anaconda.com/pkgs/main/noarch	https://repo.anaconda.com/pkgs/main/noarch/charset-normalizer-2.0.4-pyhd3eb1b0_0.conda	charset-normalizer-2.0.4-pyhd3eb1b0_0.json
click	8.1.7	py310h06a4308_0	https://repo.anaconda.com/pkgs/main/linux-64	https://repo.anaconda.com/pkgs/main/linux-64/click-8.1.7-py310h06a4308_0.conda	click-8.1.7-py310h06a4308_0.json
cmake	3.26.4	h96355d8_0	https://repo.anaconda.com/pkgs/main/linux-64	https://repo.anaconda.com/pkgs/main/linux-64/cmake-3.26.4-h96355d8_0.conda	cmake-3.26.4-h96355d8_0.json
conda	23.9.0	py310h06a4308_0	https://repo.anaconda.com/pkgs/main/linux-64	https://repo.anaconda.com/pkgs/main/linux-64/conda-23.9.0-py310h06a4308_0.conda	conda-23.9.0-py310h06a4308_0.json
conda-build	24.3.0	py310h06a4308_0	https://repo.anaconda.com/pkgs/main/linux-64	https://repo.anaconda.com/pkgs/main/linux-64/conda-build-24.3.0-py310h06a4308_0.conda	conda-build-24.3.0-py310h06a4308_0.json
conda-content-trust	0.2.0	py310h06a4308_0	https://repo.anaconda.com/pkgs/main/linux-64	https://repo.anaconda.com/pkgs/main/linux-64/conda-content-trust-0.2.0-py310h06a4308_0.conda	conda-content-trust-0.2.0-py310h06a4308_0.json
conda-index	0.4.0	pyhd3eb1b0_0	https://repo.anaconda.com/pkgs/main/noarch	https://repo.anaconda.com/pkgs/main/noarch/conda-index-0.4.0-pyhd3eb1b0_0.conda	conda-index-0.4.0-pyhd3eb1b0_0.json
conda-libmamba-solver	23.7.0	py310h06a4308_0	https://repo.anaconda.com/pkgs/main/linux-64	https://repo.anaconda.com/pkgs/main/linux-64/conda-libmamba-solver-23.7.0-py310h06a4308_0.conda	conda-libmamba-solver-23.7.0-py310h06a4308_0.json
conda-package-handling	2.2.0	py310h06a4308_0	https://repo.anaconda.com/pkgs/main/linux-64	https://repo.anaconda.com/pkgs/main/linux-64/conda-package-handling-2.2.0-py310h06a4308_0.conda	conda-package-handling-2.2.0-py310h06a4308_0.json
conda-package-streaming	0.9.0	py310h06a4308_0	https://repo.anaconda.com/pkgs/main/linux-64	https://repo.anaconda.com/pkgs/main/linux-64/conda-package-streaming-0.9.0-py310h06a4308_0.conda	conda-package-streaming-0.9.0-py310h06a4308_0.json
cryptography	42.0.5	py310hdda0065_0	https://repo.anaconda.com/pkgs/main/linux-64	https://repo.anaconda.com/pkgs/main/linux-64/cryptography-42.0.5-py310hdda0065_0.conda	cryptography-42.0.5-py310hdda0065_0.json
cuda-cudart	11.8.89	0	https://conda.anaconda.org/nvidia/linux-64	https://conda.anaconda.org/nvidia/linux-64/cuda-cudart-11.8.89-0.tar.bz2	cuda-cudart-11.8.89-0.json
cuda-cupti	11.8.87	0	https://conda.anaconda.org/nvidia/linux-64	https://conda.anaconda.org/nvidia/linux-64/cuda-cupti-11.8.87-0.tar.bz2	cuda-cupti-11.8.87-0.json
cuda-libraries	11.8.0	0	https://conda.anaconda.org/nvidia/linux-64	https://conda.anaconda.org/nvidia/linux-64/cuda-libraries-11.8.0-0.tar.bz2	cuda-libraries-11.8.0-0.json
cuda-nvrtc	11.8.89	0	https://conda.anaconda.org/nvidia/linux-64	https://conda.anaconda.org/nvidia/linux-64/cuda-nvrtc-11.8.89-0.tar.bz2	cuda-nvrtc-11.8.89-0.json
cuda-nvtx	11.8.86	0	https://conda.anaconda.org/nvidia/linux-64	https://conda.anaconda.org/nvidia/linux-64/cuda-nvtx-11.8.86-0.tar.bz2	cuda-nvtx-11.8.86-0.json
cuda-runtime	11.8.0	0	https://conda.anaconda.org/nvidia/linux-64	https://conda.anaconda.org/nvidia/linux-64/cuda-runtime-11.8.0-0.tar.bz2	cuda-runtime-11.8.0-0.json
cycler	0.12.1	pyhcf101f3_2	https://conda.anaconda.org/conda-forge/noarch	https://conda.anaconda.org/conda-forge/noarch/cycler-0.12.1-pyhcf101f3_2.conda	cycler-0.12.1-pyhcf101f3_2.json
decorator	5.1.1	pyhd3eb1b0_0	https://repo.anaconda.com/pkgs/main/noarch	https://repo.anaconda.com/pkgs/main/noarch/decorator-5.1.1-pyhd3eb1b0_0.conda	decorator-5.1.1-pyhd3eb1b0_0.json
distro	1.8.0	py310h06a4308_0	https://repo.anaconda.com/pkgs/main/linux-64	https://repo.anaconda.com/pkgs/main/linux-64/distro-1.8.0-py310h06a4308_0.conda	distro-1.8.0-py310h06a4308_0.json
exceptiongroup	1.2.0	py310h06a4308_0	https://repo.anaconda.com/pkgs/main/linux-64	https://repo.anaconda.com/pkgs/main/linux-64/exceptiongroup-1.2.0-py310h06a4308_0.conda	exceptiongroup-1.2.0-py310h06a4308_0.json
executing	0.8.3	pyhd3eb1b0_0	https://repo.anaconda.com/pkgs/main/noarch	https://repo.anaconda.com/pkgs/main/noarch/executing-0.8.3-pyhd3eb1b0_0.conda	executing-0.8.3-pyhd3eb1b0_0.json
expat	2.5.0	h6a678d5_0	https://repo.anaconda.com/pkgs/main/linux-64	https://repo.anaconda.com/pkgs/main/linux-64/expat-2.5.0-h6a678d5_0.conda	expat-2.5.0-h6a678d5_0.json
ffmpeg	4.3	hf484d3e_0	https://conda.anaconda.org/pytorch/linux-64	https://conda.anaconda.org/pytorch/linux-64/ffmpeg-4.3-hf484d3e_0.tar.bz2	ffmpeg-4.3-hf484d3e_0.json
fmt	9.1.0	hdb19cb5_0	https://repo.anaconda.com/pkgs/main/linux-64	https://repo.anaconda.com/pkgs/main/linux-64/fmt-9.1.0-hdb19cb5_0.conda	fmt-9.1.0-hdb19cb5_0.json
fonttools	4.63.0	py310h3406613_0	https://conda.anaconda.org/conda-forge/linux-64	https://conda.anaconda.org/conda-forge/linux-64/fonttools-4.63.0-py310h3406613_0.conda	fonttools-4.63.0-py310h3406613_0.json
freetype	2.12.1	h4a9f257_0	https://repo.anaconda.com/pkgs/main/linux-64	https://repo.anaconda.com/pkgs/main/linux-64/freetype-2.12.1-h4a9f257_0.conda	freetype-2.12.1-h4a9f257_0.json
gmp	6.2.1	h295c915_3	https://repo.anaconda.com/pkgs/main/linux-64	https://repo.anaconda.com/pkgs/main/linux-64/gmp-6.2.1-h295c915_3.conda	gmp-6.2.1-h295c915_3.json
gmpy2	2.1.2	py310heeb90bb_0	https://repo.anaconda.com/pkgs/main/linux-64	https://repo.anaconda.com/pkgs/main/linux-64/gmpy2-2.1.2-py310heeb90bb_0.conda	gmpy2-2.1.2-py310heeb90bb_0.json
gnutls	3.6.15	he1e5248_0	https://repo.anaconda.com/pkgs/main/linux-64	https://repo.anaconda.com/pkgs/main/linux-64/gnutls-3.6.15-he1e5248_0.conda	gnutls-3.6.15-he1e5248_0.json
icu	73.1	h6a678d5_0	https://repo.anaconda.com/pkgs/main/linux-64	https://repo.anaconda.com/pkgs/main/linux-64/icu-73.1-h6a678d5_0.conda	icu-73.1-h6a678d5_0.json
idna	3.4	py310h06a4308_0	https://repo.anaconda.com/pkgs/main/linux-64	https://repo.anaconda.com/pkgs/main/linux-64/idna-3.4-py310h06a4308_0.conda	idna-3.4-py310h06a4308_0.json
intel-openmp	2023.1.0	hdb19cb5_46306	https://repo.anaconda.com/pkgs/main/linux-64	https://repo.anaconda.com/pkgs/main/linux-64/intel-openmp-2023.1.0-hdb19cb5_46306.conda	intel-openmp-2023.1.0-hdb19cb5_46306.json
ipython	8.20.0	py310h06a4308_0	https://repo.anaconda.com/pkgs/main/linux-64	https://repo.anaconda.com/pkgs/main/linux-64/ipython-8.20.0-py310h06a4308_0.conda	ipython-8.20.0-py310h06a4308_0.json
jedi	0.18.1	py310h06a4308_1	https://repo.anaconda.com/pkgs/main/linux-64	https://repo.anaconda.com/pkgs/main/linux-64/jedi-0.18.1-py310h06a4308_1.conda	jedi-0.18.1-py310h06a4308_1.json
jinja2	3.1.3	py310h06a4308_0	https://repo.anaconda.com/pkgs/main/linux-64	https://repo.anaconda.com/pkgs/main/linux-64/jinja2-3.1.3-py310h06a4308_0.conda	jinja2-3.1.3-py310h06a4308_0.json
jpeg	9e	h5eee18b_1	https://repo.anaconda.com/pkgs/main/linux-64	https://repo.anaconda.com/pkgs/main/linux-64/jpeg-9e-h5eee18b_1.conda	jpeg-9e-h5eee18b_1.json
jsonpatch	1.32	pyhd3eb1b0_0	https://repo.anaconda.com/pkgs/main/noarch	https://repo.anaconda.com/pkgs/main/noarch/jsonpatch-1.32-pyhd3eb1b0_0.conda	jsonpatch-1.32-pyhd3eb1b0_0.json
jsonpointer	2.1	pyhd3eb1b0_0	https://repo.anaconda.com/pkgs/main/noarch	https://repo.anaconda.com/pkgs/main/noarch/jsonpointer-2.1-pyhd3eb1b0_0.conda	jsonpointer-2.1-pyhd3eb1b0_0.json
jsonschema	4.19.2	py310h06a4308_0	https://repo.anaconda.com/pkgs/main/linux-64	https://repo.anaconda.com/pkgs/main/linux-64/jsonschema-4.19.2-py310h06a4308_0.conda	jsonschema-4.19.2-py310h06a4308_0.json
jsonschema-specifications	2023.7.1	py310h06a4308_0	https://repo.anaconda.com/pkgs/main/linux-64	https://repo.anaconda.com/pkgs/main/linux-64/jsonschema-specifications-2023.7.1-py310h06a4308_0.conda	jsonschema-specifications-2023.7.1-py310h06a4308_0.json
kiwisolver	1.5.0	py310haaf941d_0	https://conda.anaconda.org/conda-forge/linux-64	https://conda.anaconda.org/conda-forge/linux-64/kiwisolver-1.5.0-py310haaf941d_0.conda	kiwisolver-1.5.0-py310haaf941d_0.json
krb5	1.20.1	h143b758_1	https://repo.anaconda.com/pkgs/main/linux-64	https://repo.anaconda.com/pkgs/main/linux-64/krb5-1.20.1-h143b758_1.conda	krb5-1.20.1-h143b758_1.json
lame	3.100	h7b6447c_0	https://repo.anaconda.com/pkgs/main/linux-64	https://repo.anaconda.com/pkgs/main/linux-64/lame-3.100-h7b6447c_0.conda	lame-3.100-h7b6447c_0.json
lcms2	2.12	h3be6417_0	https://repo.anaconda.com/pkgs/main/linux-64	https://repo.anaconda.com/pkgs/main/linux-64/lcms2-2.12-h3be6417_0.conda	lcms2-2.12-h3be6417_0.json
ld_impl_linux-64	2.38	h1181459_1	https://repo.anaconda.com/pkgs/main/linux-64	https://repo.anaconda.com/pkgs/main/linux-64/ld_impl_linux-64-2.38-h1181459_1.conda	ld_impl_linux-64-2.38-h1181459_1.json
lerc	3.0	h295c915_0	https://repo.anaconda.com/pkgs/main/linux-64	https://repo.anaconda.com/pkgs/main/linux-64/lerc-3.0-h295c915_0.conda	lerc-3.0-h295c915_0.json
libarchive	3.6.2	h6ac8c49_2	https://repo.anaconda.com/pkgs/main/linux-64	https://repo.anaconda.com/pkgs/main/linux-64/libarchive-3.6.2-h6ac8c49_2.conda	libarchive-3.6.2-h6ac8c49_2.json
libbrotlicommon	1.2.0	hb03c661_1	https://conda.anaconda.org/conda-forge/linux-64	https://conda.anaconda.org/conda-forge/linux-64/libbrotlicommon-1.2.0-hb03c661_1.conda	libbrotlicommon-1.2.0-hb03c661_1.json
libbrotlidec	1.2.0	hb03c661_1	https://conda.anaconda.org/conda-forge/linux-64	https://conda.anaconda.org/conda-forge/linux-64/libbrotlidec-1.2.0-hb03c661_1.conda	libbrotlidec-1.2.0-hb03c661_1.json
libbrotlienc	1.2.0	hb03c661_1	https://conda.anaconda.org/conda-forge/linux-64	https://conda.anaconda.org/conda-forge/linux-64/libbrotlienc-1.2.0-hb03c661_1.conda	libbrotlienc-1.2.0-hb03c661_1.json
libcublas	11.11.3.6	0	https://conda.anaconda.org/nvidia/linux-64	https://conda.anaconda.org/nvidia/linux-64/libcublas-11.11.3.6-0.tar.bz2	libcublas-11.11.3.6-0.json
libcufft	10.9.0.58	0	https://conda.anaconda.org/nvidia/linux-64	https://conda.anaconda.org/nvidia/linux-64/libcufft-10.9.0.58-0.tar.bz2	libcufft-10.9.0.58-0.json
libcufile	1.9.0.20	0	https://conda.anaconda.org/nvidia/linux-64	https://conda.anaconda.org/nvidia/linux-64/libcufile-1.9.0.20-0.tar.bz2	libcufile-1.9.0.20-0.json
libcurand	10.3.5.119	0	https://conda.anaconda.org/nvidia/linux-64	https://conda.anaconda.org/nvidia/linux-64/libcurand-10.3.5.119-0.tar.bz2	libcurand-10.3.5.119-0.json
libcurl	8.5.0	h251f7ec_0	https://repo.anaconda.com/pkgs/main/linux-64	https://repo.anaconda.com/pkgs/main/linux-64/libcurl-8.5.0-h251f7ec_0.conda	libcurl-8.5.0-h251f7ec_0.json
libcusolver	11.4.1.48	0	https://conda.anaconda.org/nvidia/linux-64	https://conda.anaconda.org/nvidia/linux-64/libcusolver-11.4.1.48-0.tar.bz2	libcusolver-11.4.1.48-0.json
libcusparse	11.7.5.86	0	https://conda.anaconda.org/nvidia/linux-64	https://conda.anaconda.org/nvidia/linux-64/libcusparse-11.7.5.86-0.tar.bz2	libcusparse-11.7.5.86-0.json
libdeflate	1.17	h5eee18b_1	https://repo.anaconda.com/pkgs/main/linux-64	https://repo.anaconda.com/pkgs/main/linux-64/libdeflate-1.17-h5eee18b_1.conda	libdeflate-1.17-h5eee18b_1.json
libedit	3.1.20230828	h5eee18b_0	https://repo.anaconda.com/pkgs/main/linux-64	https://repo.anaconda.com/pkgs/main/linux-64/libedit-3.1.20230828-h5eee18b_0.conda	libedit-3.1.20230828-h5eee18b_0.json
libev	4.33	h7f8727e_1	https://repo.anaconda.com/pkgs/main/linux-64	https://repo.anaconda.com/pkgs/main/linux-64/libev-4.33-h7f8727e_1.conda	libev-4.33-h7f8727e_1.json
libffi	3.4.4	h6a678d5_0	https://repo.anaconda.com/pkgs/main/linux-64	https://repo.anaconda.com/pkgs/main/linux-64/libffi-3.4.4-h6a678d5_0.conda	libffi-3.4.4-h6a678d5_0.json
libgcc	16.1.0	ha9f2e26_1	https://conda.anaconda.org/conda-forge/linux-64	https://conda.anaconda.org/conda-forge/linux-64/libgcc-16.1.0-ha9f2e26_1.conda	libgcc-16.1.0-ha9f2e26_1.json
libgcc-ng	16.1.0	h69a702a_1	https://conda.anaconda.org/conda-forge/linux-64	https://conda.anaconda.org/conda-forge/linux-64/libgcc-ng-16.1.0-h69a702a_1.conda	libgcc-ng-16.1.0-h69a702a_1.json
libgomp	16.1.0	he0feb66_1	https://conda.anaconda.org/conda-forge/linux-64	https://conda.anaconda.org/conda-forge/linux-64/libgomp-16.1.0-he0feb66_1.conda	libgomp-16.1.0-he0feb66_1.json
libiconv	1.16	h7f8727e_2	https://repo.anaconda.com/pkgs/main/linux-64	https://repo.anaconda.com/pkgs/main/linux-64/libiconv-1.16-h7f8727e_2.conda	libiconv-1.16-h7f8727e_2.json
libidn2	2.3.4	h5eee18b_0	https://repo.anaconda.com/pkgs/main/linux-64	https://repo.anaconda.com/pkgs/main/linux-64/libidn2-2.3.4-h5eee18b_0.conda	libidn2-2.3.4-h5eee18b_0.json
libjpeg-turbo	2.0.0	h9bf148f_0	https://conda.anaconda.org/pytorch/linux-64	https://conda.anaconda.org/pytorch/linux-64/libjpeg-turbo-2.0.0-h9bf148f_0.tar.bz2	libjpeg-turbo-2.0.0-h9bf148f_0.json
liblief	0.12.3	h6a678d5_0	https://repo.anaconda.com/pkgs/main/linux-64	https://repo.anaconda.com/pkgs/main/linux-64/liblief-0.12.3-h6a678d5_0.conda	liblief-0.12.3-h6a678d5_0.json
libmamba	1.5.3	haf1ee3a_0	https://repo.anaconda.com/pkgs/main/linux-64	https://repo.anaconda.com/pkgs/main/linux-64/libmamba-1.5.3-haf1ee3a_0.conda	libmamba-1.5.3-haf1ee3a_0.json
libmambapy	1.5.3	py310h2dafd23_0	https://repo.anaconda.com/pkgs/main/linux-64	https://repo.anaconda.com/pkgs/main/linux-64/libmambapy-1.5.3-py310h2dafd23_0.conda	libmambapy-1.5.3-py310h2dafd23_0.json
libnghttp2	1.57.0	h2d74bed_0	https://repo.anaconda.com/pkgs/main/linux-64	https://repo.anaconda.com/pkgs/main/linux-64/libnghttp2-1.57.0-h2d74bed_0.conda	libnghttp2-1.57.0-h2d74bed_0.json
libnpp	11.8.0.86	0	https://conda.anaconda.org/nvidia/linux-64	https://conda.anaconda.org/nvidia/linux-64/libnpp-11.8.0.86-0.tar.bz2	libnpp-11.8.0.86-0.json
libnvjpeg	11.9.0.86	0	https://conda.anaconda.org/nvidia/linux-64	https://conda.anaconda.org/nvidia/linux-64/libnvjpeg-11.9.0.86-0.tar.bz2	libnvjpeg-11.9.0.86-0.json
libpng	1.6.39	h5eee18b_0	https://repo.anaconda.com/pkgs/main/linux-64	https://repo.anaconda.com/pkgs/main/linux-64/libpng-1.6.39-h5eee18b_0.conda	libpng-1.6.39-h5eee18b_0.json
libsolv	0.7.24	he621ea3_0	https://repo.anaconda.com/pkgs/main/linux-64	https://repo.anaconda.com/pkgs/main/linux-64/libsolv-0.7.24-he621ea3_0.conda	libsolv-0.7.24-he621ea3_0.json
libssh2	1.10.0	hdbd6064_2	https://repo.anaconda.com/pkgs/main/linux-64	https://repo.anaconda.com/pkgs/main/linux-64/libssh2-1.10.0-hdbd6064_2.conda	libssh2-1.10.0-hdbd6064_2.json
libstdcxx	16.1.0	h934c35e_1	https://conda.anaconda.org/conda-forge/linux-64	https://conda.anaconda.org/conda-forge/linux-64/libstdcxx-16.1.0-h934c35e_1.conda	libstdcxx-16.1.0-h934c35e_1.json
libstdcxx-ng	16.1.0	hdf11a46_1	https://conda.anaconda.org/conda-forge/linux-64	https://conda.anaconda.org/conda-forge/linux-64/libstdcxx-ng-16.1.0-hdf11a46_1.conda	libstdcxx-ng-16.1.0-hdf11a46_1.json
libtasn1	4.19.0	h5eee18b_0	https://repo.anaconda.com/pkgs/main/linux-64	https://repo.anaconda.com/pkgs/main/linux-64/libtasn1-4.19.0-h5eee18b_0.conda	libtasn1-4.19.0-h5eee18b_0.json
libtiff	4.5.1	h6a678d5_0	https://repo.anaconda.com/pkgs/main/linux-64	https://repo.anaconda.com/pkgs/main/linux-64/libtiff-4.5.1-h6a678d5_0.conda	libtiff-4.5.1-h6a678d5_0.json
libunistring	0.9.10	h27cfd23_0	https://repo.anaconda.com/pkgs/main/linux-64	https://repo.anaconda.com/pkgs/main/linux-64/libunistring-0.9.10-h27cfd23_0.conda	libunistring-0.9.10-h27cfd23_0.json
libuuid	1.41.5	h5eee18b_0	https://repo.anaconda.com/pkgs/main/linux-64	https://repo.anaconda.com/pkgs/main/linux-64/libuuid-1.41.5-h5eee18b_0.conda	libuuid-1.41.5-h5eee18b_0.json
libuv	1.44.2	h5eee18b_0	https://repo.anaconda.com/pkgs/main/linux-64	https://repo.anaconda.com/pkgs/main/linux-64/libuv-1.44.2-h5eee18b_0.conda	libuv-1.44.2-h5eee18b_0.json
libwebp-base	1.3.2	h5eee18b_0	https://repo.anaconda.com/pkgs/main/linux-64	https://repo.anaconda.com/pkgs/main/linux-64/libwebp-base-1.3.2-h5eee18b_0.conda	libwebp-base-1.3.2-h5eee18b_0.json
libxml2	2.10.4	hf1b16e4_1	https://repo.anaconda.com/pkgs/main/linux-64	https://repo.anaconda.com/pkgs/main/linux-64/libxml2-2.10.4-hf1b16e4_1.conda	libxml2-2.10.4-hf1b16e4_1.json
llvm-openmp	14.0.6	h9e868ea_0	https://repo.anaconda.com/pkgs/main/linux-64	https://repo.anaconda.com/pkgs/main/linux-64/llvm-openmp-14.0.6-h9e868ea_0.conda	llvm-openmp-14.0.6-h9e868ea_0.json
lz4-c	1.9.4	h6a678d5_0	https://repo.anaconda.com/pkgs/main/linux-64	https://repo.anaconda.com/pkgs/main/linux-64/lz4-c-1.9.4-h6a678d5_0.conda	lz4-c-1.9.4-h6a678d5_0.json
markupsafe	2.1.3	py310h5eee18b_0	https://repo.anaconda.com/pkgs/main/linux-64	https://repo.anaconda.com/pkgs/main/linux-64/markupsafe-2.1.3-py310h5eee18b_0.conda	markupsafe-2.1.3-py310h5eee18b_0.json
matplotlib-base	3.5.3	py310h8d5ebf3_2	https://conda.anaconda.org/conda-forge/linux-64	https://conda.anaconda.org/conda-forge/linux-64/matplotlib-base-3.5.3-py310h8d5ebf3_2.tar.bz2	matplotlib-base-3.5.3-py310h8d5ebf3_2.json
matplotlib-inline	0.1.6	py310h06a4308_0	https://repo.anaconda.com/pkgs/main/linux-64	https://repo.anaconda.com/pkgs/main/linux-64/matplotlib-inline-0.1.6-py310h06a4308_0.conda	matplotlib-inline-0.1.6-py310h06a4308_0.json
menuinst	2.0.2	py310h06a4308_0	https://repo.anaconda.com/pkgs/main/linux-64	https://repo.anaconda.com/pkgs/main/linux-64/menuinst-2.0.2-py310h06a4308_0.conda	menuinst-2.0.2-py310h06a4308_0.json
mkl	2023.1.0	h213fc3f_46344	https://repo.anaconda.com/pkgs/main/linux-64	https://repo.anaconda.com/pkgs/main/linux-64/mkl-2023.1.0-h213fc3f_46344.conda	mkl-2023.1.0-h213fc3f_46344.json
mkl-service	2.4.0	py310h5eee18b_1	https://repo.anaconda.com/pkgs/main/linux-64	https://repo.anaconda.com/pkgs/main/linux-64/mkl-service-2.4.0-py310h5eee18b_1.conda	mkl-service-2.4.0-py310h5eee18b_1.json
mkl_fft	1.3.8	py310h5eee18b_0	https://repo.anaconda.com/pkgs/main/linux-64	https://repo.anaconda.com/pkgs/main/linux-64/mkl_fft-1.3.8-py310h5eee18b_0.conda	mkl_fft-1.3.8-py310h5eee18b_0.json
mkl_random	1.2.4	py310hdb19cb5_0	https://repo.anaconda.com/pkgs/main/linux-64	https://repo.anaconda.com/pkgs/main/linux-64/mkl_random-1.2.4-py310hdb19cb5_0.conda	mkl_random-1.2.4-py310hdb19cb5_0.json
more-itertools	10.1.0	py310h06a4308_0	https://repo.anaconda.com/pkgs/main/linux-64	https://repo.anaconda.com/pkgs/main/linux-64/more-itertools-10.1.0-py310h06a4308_0.conda	more-itertools-10.1.0-py310h06a4308_0.json
mpc	1.1.0	h10f8cd9_1	https://repo.anaconda.com/pkgs/main/linux-64	https://repo.anaconda.com/pkgs/main/linux-64/mpc-1.1.0-h10f8cd9_1.conda	mpc-1.1.0-h10f8cd9_1.json
mpfr	4.0.2	hb69a4c5_1	https://repo.anaconda.com/pkgs/main/linux-64	https://repo.anaconda.com/pkgs/main/linux-64/mpfr-4.0.2-hb69a4c5_1.conda	mpfr-4.0.2-hb69a4c5_1.json
mpmath	1.3.0	py310h06a4308_0	https://repo.anaconda.com/pkgs/main/linux-64	https://repo.anaconda.com/pkgs/main/linux-64/mpmath-1.3.0-py310h06a4308_0.conda	mpmath-1.3.0-py310h06a4308_0.json
munkres	1.1.4	pyhd8ed1ab_1	https://conda.anaconda.org/conda-forge/noarch	https://conda.anaconda.org/conda-forge/noarch/munkres-1.1.4-pyhd8ed1ab_1.conda	munkres-1.1.4-pyhd8ed1ab_1.json
ncurses	6.4	h6a678d5_0	https://repo.anaconda.com/pkgs/main/linux-64	https://repo.anaconda.com/pkgs/main/linux-64/ncurses-6.4-h6a678d5_0.conda	ncurses-6.4-h6a678d5_0.json
nettle	3.7.3	hbbd107a_1	https://repo.anaconda.com/pkgs/main/linux-64	https://repo.anaconda.com/pkgs/main/linux-64/nettle-3.7.3-hbbd107a_1.conda	nettle-3.7.3-hbbd107a_1.json
networkx	3.1	py310h06a4308_0	https://repo.anaconda.com/pkgs/main/linux-64	https://repo.anaconda.com/pkgs/main/linux-64/networkx-3.1-py310h06a4308_0.conda	networkx-3.1-py310h06a4308_0.json
numpy	1.26.4	py310h5f9d8c6_0	https://repo.anaconda.com/pkgs/main/linux-64	https://repo.anaconda.com/pkgs/main/linux-64/numpy-1.26.4-py310h5f9d8c6_0.conda	numpy-1.26.4-py310h5f9d8c6_0.json
numpy-base	1.26.4	py310hb5e798b_0	https://repo.anaconda.com/pkgs/main/linux-64	https://repo.anaconda.com/pkgs/main/linux-64/numpy-base-1.26.4-py310hb5e798b_0.conda	numpy-base-1.26.4-py310hb5e798b_0.json
openh264	2.1.1	h4ff587b_0	https://repo.anaconda.com/pkgs/main/linux-64	https://repo.anaconda.com/pkgs/main/linux-64/openh264-2.1.1-h4ff587b_0.conda	openh264-2.1.1-h4ff587b_0.json
openjpeg	2.4.0	h3ad879b_0	https://repo.anaconda.com/pkgs/main/linux-64	https://repo.anaconda.com/pkgs/main/linux-64/openjpeg-2.4.0-h3ad879b_0.conda	openjpeg-2.4.0-h3ad879b_0.json
openssl	3.6.3	h35e630c_1	https://conda.anaconda.org/conda-forge/linux-64	https://conda.anaconda.org/conda-forge/linux-64/openssl-3.6.3-h35e630c_1.conda	openssl-3.6.3-h35e630c_1.json
packaging	23.2	py310h06a4308_0	https://repo.anaconda.com/pkgs/main/linux-64	https://repo.anaconda.com/pkgs/main/linux-64/packaging-23.2-py310h06a4308_0.conda	packaging-23.2-py310h06a4308_0.json
parso	0.8.3	pyhd3eb1b0_0	https://repo.anaconda.com/pkgs/main/noarch	https://repo.anaconda.com/pkgs/main/noarch/parso-0.8.3-pyhd3eb1b0_0.conda	parso-0.8.3-pyhd3eb1b0_0.json
patch	2.7.6	h7b6447c_1001	https://repo.anaconda.com/pkgs/main/linux-64	https://repo.anaconda.com/pkgs/main/linux-64/patch-2.7.6-h7b6447c_1001.conda	patch-2.7.6-h7b6447c_1001.json
patchelf	0.17.2	h6a678d5_0	https://repo.anaconda.com/pkgs/main/linux-64	https://repo.anaconda.com/pkgs/main/linux-64/patchelf-0.17.2-h6a678d5_0.conda	patchelf-0.17.2-h6a678d5_0.json
pcre2	10.42	hebb0a14_0	https://repo.anaconda.com/pkgs/main/linux-64	https://repo.anaconda.com/pkgs/main/linux-64/pcre2-10.42-hebb0a14_0.conda	pcre2-10.42-hebb0a14_0.json
pexpect	4.8.0	pyhd3eb1b0_3	https://repo.anaconda.com/pkgs/main/noarch	https://repo.anaconda.com/pkgs/main/noarch/pexpect-4.8.0-pyhd3eb1b0_3.conda	pexpect-4.8.0-pyhd3eb1b0_3.json
pillow	10.2.0	py310h5eee18b_0	https://repo.anaconda.com/pkgs/main/linux-64	https://repo.anaconda.com/pkgs/main/linux-64/pillow-10.2.0-py310h5eee18b_0.conda	pillow-10.2.0-py310h5eee18b_0.json
pip	23.3.1	py310h06a4308_0	https://repo.anaconda.com/pkgs/main/linux-64	https://repo.anaconda.com/pkgs/main/linux-64/pip-23.3.1-py310h06a4308_0.conda	pip-23.3.1-py310h06a4308_0.json
pkginfo	1.9.6	py310h06a4308_0	https://repo.anaconda.com/pkgs/main/linux-64	https://repo.anaconda.com/pkgs/main/linux-64/pkginfo-1.9.6-py310h06a4308_0.conda	pkginfo-1.9.6-py310h06a4308_0.json
platformdirs	3.10.0	py310h06a4308_0	https://repo.anaconda.com/pkgs/main/linux-64	https://repo.anaconda.com/pkgs/main/linux-64/platformdirs-3.10.0-py310h06a4308_0.conda	platformdirs-3.10.0-py310h06a4308_0.json
pluggy	1.0.0	py310h06a4308_1	https://repo.anaconda.com/pkgs/main/linux-64	https://repo.anaconda.com/pkgs/main/linux-64/pluggy-1.0.0-py310h06a4308_1.conda	pluggy-1.0.0-py310h06a4308_1.json
prompt-toolkit	3.0.43	py310h06a4308_0	https://repo.anaconda.com/pkgs/main/linux-64	https://repo.anaconda.com/pkgs/main/linux-64/prompt-toolkit-3.0.43-py310h06a4308_0.conda	prompt-toolkit-3.0.43-py310h06a4308_0.json
prompt_toolkit	3.0.43	hd3eb1b0_0	https://repo.anaconda.com/pkgs/main/noarch	https://repo.anaconda.com/pkgs/main/noarch/prompt_toolkit-3.0.43-hd3eb1b0_0.conda	prompt_toolkit-3.0.43-hd3eb1b0_0.json
psutil	5.9.0	py310h5eee18b_0	https://repo.anaconda.com/pkgs/main/linux-64	https://repo.anaconda.com/pkgs/main/linux-64/psutil-5.9.0-py310h5eee18b_0.conda	psutil-5.9.0-py310h5eee18b_0.json
ptyprocess	0.7.0	pyhd3eb1b0_2	https://repo.anaconda.com/pkgs/main/noarch	https://repo.anaconda.com/pkgs/main/noarch/ptyprocess-0.7.0-pyhd3eb1b0_2.conda	ptyprocess-0.7.0-pyhd3eb1b0_2.json
pure_eval	0.2.2	pyhd3eb1b0_0	https://repo.anaconda.com/pkgs/main/noarch	https://repo.anaconda.com/pkgs/main/noarch/pure_eval-0.2.2-pyhd3eb1b0_0.conda	pure_eval-0.2.2-pyhd3eb1b0_0.json
py-lief	0.12.3	py310h6a678d5_0	https://repo.anaconda.com/pkgs/main/linux-64	https://repo.anaconda.com/pkgs/main/linux-64/py-lief-0.12.3-py310h6a678d5_0.conda	py-lief-0.12.3-py310h6a678d5_0.json
pybind11-abi	4	hd3eb1b0_1	https://repo.anaconda.com/pkgs/main/noarch	https://repo.anaconda.com/pkgs/main/noarch/pybind11-abi-4-hd3eb1b0_1.conda	pybind11-abi-4-hd3eb1b0_1.json
pycocotools	2.0.11	py310hf779ad0_0	https://conda.anaconda.org/conda-forge/linux-64	https://conda.anaconda.org/conda-forge/linux-64/pycocotools-2.0.11-py310hf779ad0_0.conda	pycocotools-2.0.11-py310hf779ad0_0.json
pycosat	0.6.6	py310h5eee18b_0	https://repo.anaconda.com/pkgs/main/linux-64	https://repo.anaconda.com/pkgs/main/linux-64/pycosat-0.6.6-py310h5eee18b_0.conda	pycosat-0.6.6-py310h5eee18b_0.json
pycparser	2.21	pyhd3eb1b0_0	https://repo.anaconda.com/pkgs/main/noarch	https://repo.anaconda.com/pkgs/main/noarch/pycparser-2.21-pyhd3eb1b0_0.conda	pycparser-2.21-pyhd3eb1b0_0.json
pygments	2.15.1	py310h06a4308_1	https://repo.anaconda.com/pkgs/main/linux-64	https://repo.anaconda.com/pkgs/main/linux-64/pygments-2.15.1-py310h06a4308_1.conda	pygments-2.15.1-py310h06a4308_1.json
pyopenssl	24.0.0	py310h06a4308_0	https://repo.anaconda.com/pkgs/main/linux-64	https://repo.anaconda.com/pkgs/main/linux-64/pyopenssl-24.0.0-py310h06a4308_0.conda	pyopenssl-24.0.0-py310h06a4308_0.json
pyparsing	3.3.2	pyhcf101f3_0	https://conda.anaconda.org/conda-forge/noarch	https://conda.anaconda.org/conda-forge/noarch/pyparsing-3.3.2-pyhcf101f3_0.conda	pyparsing-3.3.2-pyhcf101f3_0.json
pysocks	1.7.1	py310h06a4308_0	https://repo.anaconda.com/pkgs/main/linux-64	https://repo.anaconda.com/pkgs/main/linux-64/pysocks-1.7.1-py310h06a4308_0.conda	pysocks-1.7.1-py310h06a4308_0.json
python	3.10.14	h955ad1f_0	https://repo.anaconda.com/pkgs/main/linux-64	https://repo.anaconda.com/pkgs/main/linux-64/python-3.10.14-h955ad1f_0.conda	python-3.10.14-h955ad1f_0.json
python-dateutil	2.9.0.post0	pyhe01879c_2	https://conda.anaconda.org/conda-forge/noarch	https://conda.anaconda.org/conda-forge/noarch/python-dateutil-2.9.0.post0-pyhe01879c_2.conda	python-dateutil-2.9.0.post0-pyhe01879c_2.json
python-libarchive-c	2.9	pyhd3eb1b0_1	https://repo.anaconda.com/pkgs/main/noarch	https://repo.anaconda.com/pkgs/main/noarch/python-libarchive-c-2.9-pyhd3eb1b0_1.conda	python-libarchive-c-2.9-pyhd3eb1b0_1.json
python_abi	3.10	2_cp310	https://conda.anaconda.org/conda-forge/linux-64	https://conda.anaconda.org/conda-forge/linux-64/python_abi-3.10-2_cp310.tar.bz2	python_abi-3.10-2_cp310.json
pytorch	2.2.2	py3.10_cuda11.8_cudnn8.7.0_0	https://conda.anaconda.org/pytorch/linux-64	https://conda.anaconda.org/pytorch/linux-64/pytorch-2.2.2-py3.10_cuda11.8_cudnn8.7.0_0.tar.bz2	pytorch-2.2.2-py3.10_cuda11.8_cudnn8.7.0_0.json
pytorch-cuda	11.8	h7e8668a_5	https://conda.anaconda.org/pytorch/linux-64	https://conda.anaconda.org/pytorch/linux-64/pytorch-cuda-11.8-h7e8668a_5.tar.bz2	pytorch-cuda-11.8-h7e8668a_5.json
pytorch-mutex	1.0	cuda	https://conda.anaconda.org/pytorch/noarch	https://conda.anaconda.org/pytorch/noarch/pytorch-mutex-1.0-cuda.tar.bz2	pytorch-mutex-1.0-cuda.json
pytz	2023.3.post1	py310h06a4308_0	https://repo.anaconda.com/pkgs/main/linux-64	https://repo.anaconda.com/pkgs/main/linux-64/pytz-2023.3.post1-py310h06a4308_0.conda	pytz-2023.3.post1-py310h06a4308_0.json
pyyaml	6.0.1	py310h5eee18b_0	https://repo.anaconda.com/pkgs/main/linux-64	https://repo.anaconda.com/pkgs/main/linux-64/pyyaml-6.0.1-py310h5eee18b_0.conda	pyyaml-6.0.1-py310h5eee18b_0.json
readline	8.2	h5eee18b_0	https://repo.anaconda.com/pkgs/main/linux-64	https://repo.anaconda.com/pkgs/main/linux-64/readline-8.2-h5eee18b_0.conda	readline-8.2-h5eee18b_0.json
referencing	0.30.2	py310h06a4308_0	https://repo.anaconda.com/pkgs/main/linux-64	https://repo.anaconda.com/pkgs/main/linux-64/referencing-0.30.2-py310h06a4308_0.conda	referencing-0.30.2-py310h06a4308_0.json
reproc	14.2.4	h295c915_1	https://repo.anaconda.com/pkgs/main/linux-64	https://repo.anaconda.com/pkgs/main/linux-64/reproc-14.2.4-h295c915_1.conda	reproc-14.2.4-h295c915_1.json
reproc-cpp	14.2.4	h295c915_1	https://repo.anaconda.com/pkgs/main/linux-64	https://repo.anaconda.com/pkgs/main/linux-64/reproc-cpp-14.2.4-h295c915_1.conda	reproc-cpp-14.2.4-h295c915_1.json
requests	2.31.0	py310h06a4308_1	https://repo.anaconda.com/pkgs/main/linux-64	https://repo.anaconda.com/pkgs/main/linux-64/requests-2.31.0-py310h06a4308_1.conda	requests-2.31.0-py310h06a4308_1.json
rhash	1.4.3	hdbd6064_0	https://repo.anaconda.com/pkgs/main/linux-64	https://repo.anaconda.com/pkgs/main/linux-64/rhash-1.4.3-hdbd6064_0.conda	rhash-1.4.3-hdbd6064_0.json
rpds-py	0.10.6	py310hb02cf49_0	https://repo.anaconda.com/pkgs/main/linux-64	https://repo.anaconda.com/pkgs/main/linux-64/rpds-py-0.10.6-py310hb02cf49_0.conda	rpds-py-0.10.6-py310hb02cf49_0.json
ruamel.yaml	0.17.21	py310h5eee18b_0	https://repo.anaconda.com/pkgs/main/linux-64	https://repo.anaconda.com/pkgs/main/linux-64/ruamel.yaml-0.17.21-py310h5eee18b_0.conda	ruamel.yaml-0.17.21-py310h5eee18b_0.json
ruamel.yaml.clib	0.2.6	py310h5eee18b_1	https://repo.anaconda.com/pkgs/main/linux-64	https://repo.anaconda.com/pkgs/main/linux-64/ruamel.yaml.clib-0.2.6-py310h5eee18b_1.conda	ruamel.yaml.clib-0.2.6-py310h5eee18b_1.json
setuptools	68.2.2	py310h06a4308_0	https://repo.anaconda.com/pkgs/main/linux-64	https://repo.anaconda.com/pkgs/main/linux-64/setuptools-68.2.2-py310h06a4308_0.conda	setuptools-68.2.2-py310h06a4308_0.json
six	1.16.0	pyhd3eb1b0_1	https://repo.anaconda.com/pkgs/main/noarch	https://repo.anaconda.com/pkgs/main/noarch/six-1.16.0-pyhd3eb1b0_1.conda	six-1.16.0-pyhd3eb1b0_1.json
soupsieve	2.5	py310h06a4308_0	https://repo.anaconda.com/pkgs/main/linux-64	https://repo.anaconda.com/pkgs/main/linux-64/soupsieve-2.5-py310h06a4308_0.conda	soupsieve-2.5-py310h06a4308_0.json
sqlite	3.41.2	h5eee18b_0	https://repo.anaconda.com/pkgs/main/linux-64	https://repo.anaconda.com/pkgs/main/linux-64/sqlite-3.41.2-h5eee18b_0.conda	sqlite-3.41.2-h5eee18b_0.json
stack_data	0.2.0	pyhd3eb1b0_0	https://repo.anaconda.com/pkgs/main/noarch	https://repo.anaconda.com/pkgs/main/noarch/stack_data-0.2.0-pyhd3eb1b0_0.conda	stack_data-0.2.0-pyhd3eb1b0_0.json
sympy	1.12	py310h06a4308_0	https://repo.anaconda.com/pkgs/main/linux-64	https://repo.anaconda.com/pkgs/main/linux-64/sympy-1.12-py310h06a4308_0.conda	sympy-1.12-py310h06a4308_0.json
tbb	2021.8.0	hdb19cb5_0	https://repo.anaconda.com/pkgs/main/linux-64	https://repo.anaconda.com/pkgs/main/linux-64/tbb-2021.8.0-hdb19cb5_0.conda	tbb-2021.8.0-hdb19cb5_0.json
tk	8.6.12	h1ccaba5_0	https://repo.anaconda.com/pkgs/main/linux-64	https://repo.anaconda.com/pkgs/main/linux-64/tk-8.6.12-h1ccaba5_0.conda	tk-8.6.12-h1ccaba5_0.json
tomli	2.0.1	py310h06a4308_0	https://repo.anaconda.com/pkgs/main/linux-64	https://repo.anaconda.com/pkgs/main/linux-64/tomli-2.0.1-py310h06a4308_0.conda	tomli-2.0.1-py310h06a4308_0.json
toolz	0.12.0	py310h06a4308_0	https://repo.anaconda.com/pkgs/main/linux-64	https://repo.anaconda.com/pkgs/main/linux-64/toolz-0.12.0-py310h06a4308_0.conda	toolz-0.12.0-py310h06a4308_0.json
torchaudio	2.2.2	py310_cu118	https://conda.anaconda.org/pytorch/linux-64	https://conda.anaconda.org/pytorch/linux-64/torchaudio-2.2.2-py310_cu118.tar.bz2	torchaudio-2.2.2-py310_cu118.json
torchtriton	2.2.0	py310	https://conda.anaconda.org/pytorch/linux-64	https://conda.anaconda.org/pytorch/linux-64/torchtriton-2.2.0-py310.tar.bz2	torchtriton-2.2.0-py310.json
torchvision	0.17.2	py310_cu118	https://conda.anaconda.org/pytorch/linux-64	https://conda.anaconda.org/pytorch/linux-64/torchvision-0.17.2-py310_cu118.tar.bz2	torchvision-0.17.2-py310_cu118.json
tqdm	4.65.0	py310h2f386ee_0	https://repo.anaconda.com/pkgs/main/linux-64	https://repo.anaconda.com/pkgs/main/linux-64/tqdm-4.65.0-py310h2f386ee_0.conda	tqdm-4.65.0-py310h2f386ee_0.json
traitlets	5.7.1	py310h06a4308_0	https://repo.anaconda.com/pkgs/main/linux-64	https://repo.anaconda.com/pkgs/main/linux-64/traitlets-5.7.1-py310h06a4308_0.conda	traitlets-5.7.1-py310h06a4308_0.json
truststore	0.8.0	py310h06a4308_0	https://repo.anaconda.com/pkgs/main/linux-64	https://repo.anaconda.com/pkgs/main/linux-64/truststore-0.8.0-py310h06a4308_0.conda	truststore-0.8.0-py310h06a4308_0.json
typing_extensions	4.9.0	py310h06a4308_1	https://repo.anaconda.com/pkgs/main/linux-64	https://repo.anaconda.com/pkgs/main/linux-64/typing_extensions-4.9.0-py310h06a4308_1.conda	typing_extensions-4.9.0-py310h06a4308_1.json
tzdata	2023d	h04d1e81_0	https://repo.anaconda.com/pkgs/main/noarch	https://repo.anaconda.com/pkgs/main/noarch/tzdata-2023d-h04d1e81_0.conda	tzdata-2023d-h04d1e81_0.json
unicodedata2	17.0.1	py310h7c4b9e2_0	https://conda.anaconda.org/conda-forge/linux-64	https://conda.anaconda.org/conda-forge/linux-64/unicodedata2-17.0.1-py310h7c4b9e2_0.conda	unicodedata2-17.0.1-py310h7c4b9e2_0.json
urllib3	2.1.0	py310h06a4308_1	https://repo.anaconda.com/pkgs/main/linux-64	https://repo.anaconda.com/pkgs/main/linux-64/urllib3-2.1.0-py310h06a4308_1.conda	urllib3-2.1.0-py310h06a4308_1.json
wcwidth	0.2.5	pyhd3eb1b0_0	https://repo.anaconda.com/pkgs/main/noarch	https://repo.anaconda.com/pkgs/main/noarch/wcwidth-0.2.5-pyhd3eb1b0_0.conda	wcwidth-0.2.5-pyhd3eb1b0_0.json
wheel	0.41.2	py310h06a4308_0	https://repo.anaconda.com/pkgs/main/linux-64	https://repo.anaconda.com/pkgs/main/linux-64/wheel-0.41.2-py310h06a4308_0.conda	wheel-0.41.2-py310h06a4308_0.json
xz	5.4.6	h5eee18b_0	https://repo.anaconda.com/pkgs/main/linux-64	https://repo.anaconda.com/pkgs/main/linux-64/xz-5.4.6-h5eee18b_0.conda	xz-5.4.6-h5eee18b_0.json
yaml	0.2.5	h7b6447c_0	https://repo.anaconda.com/pkgs/main/linux-64	https://repo.anaconda.com/pkgs/main/linux-64/yaml-0.2.5-h7b6447c_0.conda	yaml-0.2.5-h7b6447c_0.json
yaml-cpp	0.8.0	h6a678d5_0	https://repo.anaconda.com/pkgs/main/linux-64	https://repo.anaconda.com/pkgs/main/linux-64/yaml-cpp-0.8.0-h6a678d5_0.conda	yaml-cpp-0.8.0-h6a678d5_0.json
zlib	1.2.13	h5eee18b_0	https://repo.anaconda.com/pkgs/main/linux-64	https://repo.anaconda.com/pkgs/main/linux-64/zlib-1.2.13-h5eee18b_0.conda	zlib-1.2.13-h5eee18b_0.json
zstandard	0.19.0	py310h5eee18b_0	https://repo.anaconda.com/pkgs/main/linux-64	https://repo.anaconda.com/pkgs/main/linux-64/zstandard-0.19.0-py310h5eee18b_0.conda	zstandard-0.19.0-py310h5eee18b_0.json
zstd	1.5.5	hc292b87_0	https://repo.anaconda.com/pkgs/main/linux-64	https://repo.anaconda.com/pkgs/main/linux-64/zstd-1.5.5-hc292b87_0.conda	zstd-1.5.5-hc292b87_0.json
