anyio	4.12.1
archspec	0.2.3
argon2-cffi	25.1.0
argon2-cffi-bindings	25.1.0
arrow	1.4.0
asttokens	2.0.5
astunparse	1.6.3
async-lru	2.0.5
attrs	23.1.0
babel	2.17.0
beautifulsoup4	4.12.2
bleach	6.3.0
boltons	23.0.0
Brotli	1.0.9
certifi	2026.7.22
cffi	1.16.0
chardet	4.0.0
charset-normalizer	2.0.4
click	8.1.7
comm	0.2.3
conda	23.9.0
conda-build	24.3.0
conda-content-trust	0.2.0
conda-libmamba-solver	23.7.0
conda-package-handling	2.2.0
conda_index	0.4.0
conda_package_streaming	0.9.0
contourpy	1.3.2
cryptography	42.0.5
cycler	0.12.1
debugpy	1.8.19
decorator	5.1.1
defusedxml	0.7.1
distro	1.8.0
dnspython	2.6.1
exceptiongroup	1.2.0
executing	0.8.3
expecttest	0.2.1
fastjsonschema	2.21.2
filelock	3.32.2
fonttools	4.63.0
fqdn	1.5.1
fsspec	2024.3.1
gmpy2	2.1.2
h11	0.16.0
httpcore	1.0.9
httpx	0.28.1
hypothesis	6.99.13
idna	3.4
ipykernel	7.1.0
ipython	8.20.0
isoduration	20.11.0
jedi	0.18.1
Jinja2	3.1.3
json5	0.13.0
jsonpatch	1.32
jsonpointer	2.1
jsonschema	4.19.2
jsonschema-specifications	2023.7.1
jupyter-events	0.12.0
jupyter-lsp	2.3.0
jupyter_builder	1.2.2
jupyter_client	8.8.0
jupyter_core	5.9.1
jupyter_server	2.20.0
jupyter_server_terminals	0.5.3
jupyterlab	4.6.3
jupyterlab-language-pack-zh-CN	4.5.post3
jupyterlab_pygments	0.3.0
jupyterlab_server	2.28.0
kiwisolver	1.5.0
libarchive-c	2.9
libmambapy	1.5.3
MarkupSafe	2.1.3
matplotlib	3.10.9
matplotlib	3.5.3
matplotlib-inline	0.1.6
menuinst	2.0.2
mistune	3.2.0
mkl-fft	1.3.8
mkl-random	1.2.4
mkl-service	2.4.0
more-itertools	10.1.0
mpmath	1.3.0
munkres	1.1.4
nbclient	0.10.4
nbconvert	7.16.6
nbformat	5.10.4
nest-asyncio	1.6.0
networkx	3.1
networkx	3.2.1
notebook	7.6.2
notebook_shim	0.2.4
numpy	1.26.4
nvidia-ml-py	13.610.43
opencv-python	5.0.0.93
optree	0.11.0
overrides	7.7.0
packaging	23.2
pandocfilters	1.5.1
parso	0.8.3
pexpect	4.8.0
pillow	10.2.0
pip	23.3.1
pkginfo	1.9.6
platformdirs	3.10.0
pluggy	1.0.0
polars	1.43.2
polars-runtime-32	1.43.2
prometheus_client	0.24.0
prompt-toolkit	3.0.43
psutil	5.9.0
ptyprocess	0.7.0
pure-eval	0.2.2
pycocotools	2.0.11
pycosat	0.6.6
pycparser	2.21
Pygments	2.15.1
pyOpenSSL	24.0.0
pyparsing	3.3.2
PySocks	1.7.1
python-dateutil	2.9.0.post0
python-etcd	0.4.5
python-json-logger	4.0.0
pytz	2023.3.post1
PyYAML	6.0.1
pyzmq	27.1.0
referencing	0.30.2
requests	2.31.0
rfc3339-validator	0.1.4
rfc3986-validator	0.1.1
rpds-py	0.10.6
ruamel.yaml	0.17.21
ruamel.yaml.clib	0.2.6
Send2Trash	2.1.0
setuptools	68.2.2
six	1.16.0
sortedcontainers	2.4.0
soupsieve	2.5
stack-data	0.2.0
sympy	1.12
terminado	0.18.1
tinycss2	1.4.0
tomli	2.0.1
toolz	0.12.0
torch	2.2.2
torchaudio	2.2.2
torchelastic	0.2.2
torchvision	0.17.2
tornado	6.5.4
tqdm	4.65.0
traitlets	5.7.1
triton	2.2.0
truststore	0.8.0
types-dataclasses	0.6.6
typing_extensions	4.10.0
typing_extensions	4.9.0
tzdata	2025.3
ultralytics	8.4.115
ultralytics-thop	2.1.6
unicodedata2	17.0.1
uri-template	1.3.0
urllib3	2.1.0
wcwidth	0.2.5
webcolors	25.10.0
webencodings	0.5.1
websocket-client	1.9.0
wheel	0.41.2
zstandard	0.19.0
